case_id	feature	gene_name
PALBFW	kras.POS.6	kras
PALWVJ	kras.POS.6	kras
PALETP	kras.NEG.1	kras
PALIIN	kras.NEG.5	kras
PALKUC	kras.POS.5	kras
PALUYS	kras.NEG.8	kras
PALVKK	kras.POS.12	kras
PAMBMJ	kras.NEG.6	kras
PALZZV	kras.NEG.12	kras
PAMEZH	kras.NEG.2	kras
PAMMXF	kras.NEG.2	kras
PAMVRA	kras.NEG.5	kras
PANBJH	kras.NEG.11	kras
PAMZMG	kras.POS.1	kras
PANBSP	kras.NEG.10	kras
PANUKV	kras.NEG.9	kras
PANYGR	kras.NEG.9	kras
PAPBGH	kras.NEG.8	kras
PAPKWN	kras.POS.8	kras
PAIVHE	kras.POS.9	kras
PAITEG	kras.POS.13	kras
PAKYZS	kras.POS.10	kras
PAITCI	kras.POS.4	kras
PAPEFE	kras.POS.6	kras
PAIXIF	kras.POS.12	kras
PALCBW	kras.POS.11	kras
PALTEG	kras.POS.11	kras
PAMYCE	kras.POS.8	kras
PAMZGT	kras.POS.10	kras
PANGXK	kras.POS.11	kras
PANJLH	kras.POS.8	kras
PANKFE	kras.POS.12	kras
PANZPV	kras.NEG.2	kras
PANZVU	kras.POS.2	kras
PAPBZI	kras.NEG.6	kras
PANBMJ	kras.POS.8	kras
PAPHPE	kras.NEG.7	kras
PAIPGU	kras.POS.6	kras
PALEVG	kras.NEG.9	kras
PANRHJ	kras.NEG.4	kras
PAPUAR	kras.NEG.1	kras
PAPUEB	kras.NEG.6	kras
PAPUNH	kras.NEG.9	kras
PAPZYP	kras.POS.7	kras
PARACM	kras.POS.9	kras
PANRRW	kras.POS.3	kras
PANLET	kras.NEG.9	kras
PANRVJ	kras.POS.7	kras
PANSBN	kras.POS.11	kras
PANUIF	kras.POS.2	kras
PANWRR	kras.NEG.5	kras
PAPBJE	kras.POS.6	kras
PAPCTS	kras.NEG.8	kras
PAPKXS	kras.NEG.11	kras
PAPTAN	kras.POS.11	kras
PAPTCR	kras.POS.13	kras
PAPUWY	kras.POS.5	kras
PAPVFD	kras.NEG.8	kras
PAPVXS	kras.POS.4	kras
PAPZYZ	kras.POS.10	kras
PARACS	kras.NEG.5	kras
PARAMT	kras.NEG.12	kras
PARBGP	kras.NEG.8	kras
PARDIW	kras.NEG.3	kras
PARFWB	kras.NEG.10	kras
PARDCK	kras.NEG.5	kras
PARGKK	kras.NEG.1	kras
PARKGJ	kras.POS.11	kras
PARSBI	kras.POS.10	kras
PAIFXV	kras.POS.10	kras
PARVLK	kras.NEG.3	kras
PARYNK	kras.NEG.7	kras
PARZIP	kras.NEG.7	kras
PASEGA	kras.NEG.4	kras
PASFGG	kras.POS.3	kras
PASGUT	kras.NEG.7	kras
PASMJG	kras.POS.10	kras
PASMNT	kras.NEG.10	kras
PASNZU	kras.NEG.8	kras
PASPER	kras.NEG.9	kras
PASRFS	kras.NEG.4	kras
PASSRS	kras.NEG.12	kras
PASTCN	kras.NEG.7	kras
PASTKC	kras.POS.9	kras
PASUCB	kras.NEG.9	kras
PASUYG	kras.NEG.5	kras
PASVRU	kras.NEG.6	kras
PASWFB	kras.NEG.9	kras
PASWVY	kras.NEG.8	kras
PASXGP	kras.NEG.12	kras
PASZPI	kras.POS.6	kras
PATDWN	kras.NEG.8	kras
PATDXG	kras.NEG.9	kras
PATEKG	kras.POS.11	kras
PATEPF	kras.NEG.11	kras
PATESI	kras.NEG.8	kras
PATFCY	kras.NEG.11	kras
PATFXV	kras.NEG.2	kras
PATHVK	kras.NEG.2	kras
PATINJ	kras.NEG.8	kras
PANXJL	kras.POS.13	kras
PAPLSD	kras.POS.2	kras
PAPTFZ	kras.NEG.7	kras
PAPTLV	kras.POS.9	kras
PAPVRN	kras.POS.10	kras
PAKZRH	kras.POS.2	kras
PANZRV	kras.NEG.7	kras
PAPICY	kras.POS.3	kras
PAPTDH	kras.POS.10	kras
PARFRE	kras.NEG.8	kras
PARJVP	kras.NEG.7	kras
PARNNC	kras.POS.8	kras
PARZHA	kras.NEG.8	kras
PASCFC	kras.NEG.6	kras
PASCTR	kras.POS.3	kras
PASJZC	kras.POS.2	kras
PASMDM	kras.POS.9	kras
PASNML	kras.NEG.10	kras
PASPBZ	kras.NEG.8	kras
PASUML	kras.POS.1	kras
PASZKE	kras.NEG.11	kras
PATAYJ	kras.NEG.2	kras
PATGJU	kras.POS.3	kras
PATHKB	kras.NEG.9	kras
PASGAP	kras.POS.11	kras
PASHFA	kras.POS.8	kras
PARBAJ	kras.NEG.1	kras
PARHAM	kras.POS.1	kras
PASNPG	kras.NEG.2	kras
PASYPX	kras.ZERO	kras
PATYIL	kras.NEG.7	kras
PAUDDK	kras.POS.13	kras
PALNVP	kras.POS.1	kras
PALXTB	kras.POS.8	kras
PAMNLH	kras.NEG.10	kras
PANNMS	kras.NEG.1	kras
PAPEAV	kras.POS.2	kras
PAISNS	kras.POS.1	kras
PASNEF	kras.NEG.9	kras
PASSRN	kras.POS.3	kras
PASWIJ	kras.POS.9	kras
PATDXC	kras.POS.9	kras
PALBFW	myc.NEG.15	myc
PALWVJ	myc.POS.15	myc
PALETP	myc.POS.2	myc
PALIIN	myc.POS.9	myc
PALKUC	myc.POS.6	myc
PALUYS	myc.POS.6	myc
PALVKK	myc.NEG.16	myc
PAMBMJ	myc.POS.2	myc
PALZZV	myc.POS.14	myc
PAMEZH	myc.NEG.4	myc
PAMMXF	myc.POS.13	myc
PAMVRA	myc.POS.12	myc
PANBJH	myc.NEG.4	myc
PAMZMG	myc.POS.17	myc
PANBSP	myc.POS.13	myc
PANUKV	myc.POS.20	myc
PANYGR	myc.POS.11	myc
PAPBGH	myc.POS.18	myc
PAPKWN	myc.POS.7	myc
PAIVHE	myc.ZERO	myc
PAITEG	myc.POS.2	myc
PAKYZS	myc.NEG.19	myc
PAITCI	myc.POS.14	myc
PAPEFE	myc.POS.4	myc
PAIXIF	myc.NEG.11	myc
PALCBW	myc.NEG.14	myc
PALTEG	myc.POS.7	myc
PAMYCE	myc.NEG.17	myc
PAMZGT	myc.POS.4	myc
PANGXK	myc.NEG.14	myc
PANJLH	myc.NEG.7	myc
PANKFE	myc.NEG.18	myc
PANZPV	myc.NEG.14	myc
PANZVU	myc.NEG.14	myc
PAPBZI	myc.POS.10	myc
PANBMJ	myc.POS.9	myc
PAPHPE	myc.NEG.18	myc
PAIPGU	myc.POS.8	myc
PALEVG	myc.POS.14	myc
PANRHJ	myc.POS.8	myc
PAPUAR	myc.NEG.14	myc
PAPUEB	myc.POS.6	myc
PAPUNH	myc.POS.17	myc
PAPZYP	myc.POS.15	myc
PARACM	myc.NEG.17	myc
PANRRW	myc.NEG.19	myc
PANLET	myc.NEG.3	myc
PANRVJ	myc.NEG.12	myc
PANSBN	myc.NEG.14	myc
PANUIF	myc.NEG.6	myc
PANWRR	myc.POS.10	myc
PAPBJE	myc.POS.4	myc
PAPCTS	myc.POS.16	myc
PAPKXS	myc.POS.1	myc
PAPTAN	myc.NEG.7	myc
PAPTCR	myc.NEG.16	myc
PAPUWY	myc.NEG.12	myc
PAPVFD	myc.NEG.14	myc
PAPVXS	myc.POS.5	myc
PAPZYZ	myc.POS.4	myc
PARACS	myc.NEG.9	myc
PARAMT	myc.POS.1	myc
PARBGP	myc.NEG.12	myc
PARDIW	myc.NEG.10	myc
PARFWB	myc.POS.2	myc
PARDCK	myc.NEG.16	myc
PARGKK	myc.NEG.16	myc
PARKGJ	myc.POS.11	myc
PARSBI	myc.NEG.1	myc
PAIFXV	myc.NEG.15	myc
PARVLK	myc.NEG.5	myc
PARYNK	myc.NEG.5	myc
PARZIP	myc.NEG.8	myc
PASEGA	myc.POS.7	myc
PASFGG	myc.POS.11	myc
PASGUT	myc.NEG.10	myc
PASMJG	myc.POS.5	myc
PASMNT	myc.POS.10	myc
PASNZU	myc.POS.16	myc
PASPER	myc.NEG.6	myc
PASRFS	myc.NEG.10	myc
PASSRS	myc.NEG.8	myc
PASTCN	myc.NEG.12	myc
PASTKC	myc.NEG.19	myc
PASUCB	myc.POS.15	myc
PASUYG	myc.POS.16	myc
PASVRU	myc.POS.18	myc
PASWFB	myc.POS.13	myc
PASWVY	myc.POS.2	myc
PASXGP	myc.POS.6	myc
PASZPI	myc.POS.13	myc
PATDWN	myc.POS.15	myc
PATDXG	myc.POS.19	myc
PATEKG	myc.NEG.15	myc
PATEPF	myc.POS.6	myc
PATESI	myc.POS.20	myc
PATFCY	myc.POS.3	myc
PATFXV	myc.POS.17	myc
PATHVK	myc.POS.9	myc
PATINJ	myc.POS.3	myc
PANXJL	myc.NEG.11	myc
PAPLSD	myc.NEG.4	myc
PAPTFZ	myc.POS.13	myc
PAPTLV	myc.NEG.5	myc
PAPVRN	myc.NEG.15	myc
PAKZRH	myc.POS.12	myc
PANZRV	myc.NEG.16	myc
PAPICY	myc.NEG.14	myc
PAPTDH	myc.NEG.15	myc
PARFRE	myc.NEG.8	myc
PARJVP	myc.NEG.11	myc
PARNNC	myc.NEG.15	myc
PARZHA	myc.ZERO	myc
PASCFC	myc.NEG.17	myc
PASCTR	myc.NEG.3	myc
PASJZC	myc.NEG.15	myc
PASMDM	myc.NEG.17	myc
PASNML	myc.NEG.13	myc
PASPBZ	myc.POS.2	myc
PASUML	myc.NEG.9	myc
PASZKE	myc.NEG.9	myc
PATAYJ	myc.NEG.13	myc
PATGJU	myc.NEG.20	myc
PATHKB	myc.NEG.5	myc
PASGAP	myc.NEG.12	myc
PASHFA	myc.POS.13	myc
PARBAJ	myc.NEG.9	myc
PARHAM	myc.NEG.13	myc
PASNPG	myc.NEG.6	myc
PASYPX	myc.POS.11	myc
PATYIL	myc.POS.13	myc
PAUDDK	myc.NEG.2	myc
PALNVP	myc.NEG.7	myc
PALXTB	myc.NEG.15	myc
PAMNLH	myc.POS.15	myc
PANNMS	myc.POS.7	myc
PAPEAV	myc.POS.14	myc
PAISNS	myc.POS.4	myc
PASNEF	myc.POS.9	myc
PASSRN	myc.POS.6	myc
PASWIJ	myc.NEG.16	myc
PATDXC	myc.POS.7	myc
PALBFW	dna_repair.NEG.11	dna_repair
PALWVJ	dna_repair.POS.9	dna_repair
PALETP	dna_repair.POS.9	dna_repair
PALIIN	dna_repair.POS.9	dna_repair
PALKUC	dna_repair.NEG.1	dna_repair
PALUYS	dna_repair.POS.5	dna_repair
PALVKK	dna_repair.NEG.11	dna_repair
PAMBMJ	dna_repair.NEG.6	dna_repair
PALZZV	dna_repair.POS.2	dna_repair
PAMEZH	dna_repair.NEG.5	dna_repair
PAMMXF	dna_repair.POS.1	dna_repair
PAMVRA	dna_repair.POS.12	dna_repair
PANBJH	dna_repair.POS.2	dna_repair
PAMZMG	dna_repair.POS.2	dna_repair
PANBSP	dna_repair.POS.7	dna_repair
PANUKV	dna_repair.POS.10	dna_repair
PANYGR	dna_repair.POS.12	dna_repair
PAPBGH	dna_repair.NEG.4	dna_repair
PAPKWN	dna_repair.NEG.2	dna_repair
PAIVHE	dna_repair.POS.1	dna_repair
PAITEG	dna_repair.NEG.8	dna_repair
PAKYZS	dna_repair.NEG.14	dna_repair
PAITCI	dna_repair.POS.11	dna_repair
PAPEFE	dna_repair.NEG.9	dna_repair
PAIXIF	dna_repair.NEG.4	dna_repair
PALCBW	dna_repair.NEG.10	dna_repair
PALTEG	dna_repair.POS.3	dna_repair
PAMYCE	dna_repair.NEG.11	dna_repair
PAMZGT	dna_repair.NEG.4	dna_repair
PANGXK	dna_repair.NEG.9	dna_repair
PANJLH	dna_repair.NEG.11	dna_repair
PANKFE	dna_repair.NEG.13	dna_repair
PANZPV	dna_repair.NEG.6	dna_repair
PANZVU	dna_repair.NEG.4	dna_repair
PAPBZI	dna_repair.NEG.1	dna_repair
PANBMJ	dna_repair.POS.1	dna_repair
PAPHPE	dna_repair.NEG.8	dna_repair
PAIPGU	dna_repair.POS.11	dna_repair
PALEVG	dna_repair.POS.6	dna_repair
PANRHJ	dna_repair.POS.4	dna_repair
PAPUAR	dna_repair.NEG.7	dna_repair
PAPUEB	dna_repair.POS.2	dna_repair
PAPUNH	dna_repair.NEG.2	dna_repair
PAPZYP	dna_repair.NEG.3	dna_repair
PARACM	dna_repair.NEG.11	dna_repair
PANRRW	dna_repair.NEG.12	dna_repair
PANLET	dna_repair.POS.4	dna_repair
PANRVJ	dna_repair.NEG.9	dna_repair
PANSBN	dna_repair.NEG.10	dna_repair
PANUIF	dna_repair.POS.3	dna_repair
PANWRR	dna_repair.POS.1	dna_repair
PAPBJE	dna_repair.NEG.1	dna_repair
PAPCTS	dna_repair.POS.2	dna_repair
PAPKXS	dna_repair.POS.2	dna_repair
PAPTAN	dna_repair.NEG.9	dna_repair
PAPTCR	dna_repair.NEG.13	dna_repair
PAPUWY	dna_repair.NEG.4	dna_repair
PAPVFD	dna_repair.NEG.6	dna_repair
PAPVXS	dna_repair.POS.9	dna_repair
PAPZYZ	dna_repair.NEG.4	dna_repair
PARACS	dna_repair.POS.1	dna_repair
PARAMT	dna_repair.POS.2	dna_repair
PARBGP	dna_repair.NEG.2	dna_repair
PARDIW	dna_repair.POS.1	dna_repair
PARFWB	dna_repair.POS.9	dna_repair
PARDCK	dna_repair.NEG.5	dna_repair
PARGKK	dna_repair.NEG.11	dna_repair
PARKGJ	dna_repair.POS.5	dna_repair
PARSBI	dna_repair.POS.2	dna_repair
PAIFXV	dna_repair.NEG.12	dna_repair
PARVLK	dna_repair.POS.5	dna_repair
PARYNK	dna_repair.ZERO	dna_repair
PARZIP	dna_repair.NEG.11	dna_repair
PASEGA	dna_repair.POS.6	dna_repair
PASFGG	dna_repair.POS.11	dna_repair
PASGUT	dna_repair.NEG.7	dna_repair
PASMJG	dna_repair.NEG.6	dna_repair
PASMNT	dna_repair.POS.6	dna_repair
PASNZU	dna_repair.POS.5	dna_repair
PASPER	dna_repair.NEG.5	dna_repair
PASRFS	dna_repair.NEG.3	dna_repair
PASSRS	dna_repair.POS.6	dna_repair
PASTCN	dna_repair.POS.3	dna_repair
PASTKC	dna_repair.NEG.11	dna_repair
PASUCB	dna_repair.POS.5	dna_repair
PASUYG	dna_repair.NEG.1	dna_repair
PASVRU	dna_repair.POS.7	dna_repair
PASWFB	dna_repair.POS.1	dna_repair
PASWVY	dna_repair.POS.5	dna_repair
PASXGP	dna_repair.POS.5	dna_repair
PASZPI	dna_repair.POS.1	dna_repair
PATDWN	dna_repair.NEG.3	dna_repair
PATDXG	dna_repair.POS.10	dna_repair
PATEKG	dna_repair.NEG.9	dna_repair
PATEPF	dna_repair.POS.11	dna_repair
PATESI	dna_repair.POS.4	dna_repair
PATFCY	dna_repair.POS.7	dna_repair
PATFXV	dna_repair.NEG.3	dna_repair
PATHVK	dna_repair.POS.3	dna_repair
PATINJ	dna_repair.OUTLIER	dna_repair
PANXJL	dna_repair.NEG.6	dna_repair
PAPLSD	dna_repair.POS.2	dna_repair
PAPTFZ	dna_repair.NEG.2	dna_repair
PAPTLV	dna_repair.NEG.11	dna_repair
PAPVRN	dna_repair.NEG.13	dna_repair
PAKZRH	dna_repair.POS.9	dna_repair
PANZRV	dna_repair.NEG.8	dna_repair
PAPICY	dna_repair.NEG.1	dna_repair
PAPTDH	dna_repair.NEG.8	dna_repair
PARFRE	dna_repair.POS.2	dna_repair
PARJVP	dna_repair.NEG.9	dna_repair
PARNNC	dna_repair.NEG.9	dna_repair
PARZHA	dna_repair.POS.5	dna_repair
PASCFC	dna_repair.NEG.10	dna_repair
PASCTR	dna_repair.NEG.5	dna_repair
PASJZC	dna_repair.NEG.7	dna_repair
PASMDM	dna_repair.NEG.16	dna_repair
PASNML	dna_repair.NEG.2	dna_repair
PASPBZ	dna_repair.NEG.4	dna_repair
PASUML	dna_repair.NEG.4	dna_repair
PASZKE	dna_repair.POS.4	dna_repair
PATAYJ	dna_repair.NEG.3	dna_repair
PATGJU	dna_repair.NEG.14	dna_repair
PATHKB	dna_repair.POS.2	dna_repair
PASGAP	dna_repair.NEG.6	dna_repair
PASHFA	dna_repair.POS.4	dna_repair
PARBAJ	dna_repair.NEG.7	dna_repair
PARHAM	dna_repair.NEG.8	dna_repair
PASNPG	dna_repair.NEG.6	dna_repair
PASYPX	dna_repair.OUTLIER	dna_repair
PATYIL	dna_repair.NEG.3	dna_repair
PAUDDK	dna_repair.NEG.1	dna_repair
PALNVP	dna_repair.NEG.4	dna_repair
PALXTB	dna_repair.NEG.2	dna_repair
PAMNLH	dna_repair.OUTLIER	dna_repair
PANNMS	dna_repair.POS.11	dna_repair
PAPEAV	dna_repair.OUTLIER	dna_repair
PAISNS	dna_repair.POS.9	dna_repair
PASNEF	dna_repair.POS.12	dna_repair
PASSRN	dna_repair.NEG.8	dna_repair
PASWIJ	dna_repair.NEG.11	dna_repair
PATDXC	dna_repair.POS.6	dna_repair
PALBFW	angiogenesis.POS.4	angiogenesis
PALWVJ	angiogenesis.POS.8	angiogenesis
PALETP	angiogenesis.NEG.7	angiogenesis
PALIIN	angiogenesis.NEG.10	angiogenesis
PALKUC	angiogenesis.POS.16	angiogenesis
PALUYS	angiogenesis.NEG.6	angiogenesis
PALVKK	angiogenesis.POS.14	angiogenesis
PAMBMJ	angiogenesis.POS.5	angiogenesis
PALZZV	angiogenesis.NEG.14	angiogenesis
PAMEZH	angiogenesis.POS.6	angiogenesis
PAMMXF	angiogenesis.POS.7	angiogenesis
PAMVRA	angiogenesis.NEG.7	angiogenesis
PANBJH	angiogenesis.NEG.12	angiogenesis
PAMZMG	angiogenesis.POS.6	angiogenesis
PANBSP	angiogenesis.NEG.11	angiogenesis
PANUKV	angiogenesis.NEG.14	angiogenesis
PANYGR	angiogenesis.NEG.5	angiogenesis
PAPBGH	angiogenesis.NEG.4	angiogenesis
PAPKWN	angiogenesis.POS.16	angiogenesis
PAIVHE	angiogenesis.POS.12	angiogenesis
PAITEG	angiogenesis.POS.16	angiogenesis
PAKYZS	angiogenesis.POS.12	angiogenesis
PAITCI	angiogenesis.NEG.3	angiogenesis
PAPEFE	angiogenesis.POS.3	angiogenesis
PAIXIF	angiogenesis.POS.14	angiogenesis
PALCBW	angiogenesis.POS.12	angiogenesis
PALTEG	angiogenesis.POS.10	angiogenesis
PAMYCE	angiogenesis.POS.14	angiogenesis
PAMZGT	angiogenesis.POS.17	angiogenesis
PANGXK	angiogenesis.POS.12	angiogenesis
PANJLH	angiogenesis.POS.16	angiogenesis
PANKFE	angiogenesis.POS.13	angiogenesis
PANZPV	angiogenesis.POS.3	angiogenesis
PANZVU	angiogenesis.NEG.5	angiogenesis
PAPBZI	angiogenesis.NEG.7	angiogenesis
PANBMJ	angiogenesis.POS.4	angiogenesis
PAPHPE	angiogenesis.NEG.12	angiogenesis
PAIPGU	angiogenesis.POS.9	angiogenesis
PALEVG	angiogenesis.NEG.4	angiogenesis
PANRHJ	angiogenesis.POS.6	angiogenesis
PAPUAR	angiogenesis.NEG.15	angiogenesis
PAPUEB	angiogenesis.NEG.15	angiogenesis
PAPUNH	angiogenesis.NEG.11	angiogenesis
PAPZYP	angiogenesis.POS.10	angiogenesis
PARACM	angiogenesis.POS.6	angiogenesis
PANRRW	angiogenesis.NEG.7	angiogenesis
PANLET	angiogenesis.NEG.12	angiogenesis
PANRVJ	angiogenesis.POS.14	angiogenesis
PANSBN	angiogenesis.POS.11	angiogenesis
PANUIF	angiogenesis.POS.8	angiogenesis
PANWRR	angiogenesis.NEG.6	angiogenesis
PAPBJE	angiogenesis.POS.15	angiogenesis
PAPCTS	angiogenesis.NEG.9	angiogenesis
PAPKXS	angiogenesis.NEG.15	angiogenesis
PAPTAN	angiogenesis.POS.15	angiogenesis
PAPTCR	angiogenesis.POS.15	angiogenesis
PAPUWY	angiogenesis.NEG.6	angiogenesis
PAPVFD	angiogenesis.NEG.16	angiogenesis
PAPVXS	angiogenesis.NEG.8	angiogenesis
PAPZYZ	angiogenesis.POS.17	angiogenesis
PARACS	angiogenesis.NEG.3	angiogenesis
PARAMT	angiogenesis.NEG.8	angiogenesis
PARBGP	angiogenesis.NEG.17	angiogenesis
PARDIW	angiogenesis.NEG.9	angiogenesis
PARFWB	angiogenesis.NEG.11	angiogenesis
PARDCK	angiogenesis.NEG.4	angiogenesis
PARGKK	angiogenesis.POS.3	angiogenesis
PARKGJ	angiogenesis.POS.15	angiogenesis
PARSBI	angiogenesis.POS.9	angiogenesis
PAIFXV	angiogenesis.POS.12	angiogenesis
PARVLK	angiogenesis.POS.8	angiogenesis
PARYNK	angiogenesis.NEG.11	angiogenesis
PARZIP	angiogenesis.NEG.13	angiogenesis
PASEGA	angiogenesis.NEG.11	angiogenesis
PASFGG	angiogenesis.NEG.4	angiogenesis
PASGUT	angiogenesis.NEG.16	angiogenesis
PASMJG	angiogenesis.POS.13	angiogenesis
PASMNT	angiogenesis.NEG.16	angiogenesis
PASNZU	angiogenesis.NEG.10	angiogenesis
PASPER	angiogenesis.NEG.12	angiogenesis
PASRFS	angiogenesis.NEG.17	angiogenesis
PASSRS	angiogenesis.NEG.10	angiogenesis
PASTCN	angiogenesis.NEG.2	angiogenesis
PASTKC	angiogenesis.POS.9	angiogenesis
PASUCB	angiogenesis.NEG.8	angiogenesis
PASUYG	angiogenesis.NEG.9	angiogenesis
PASVRU	angiogenesis.NEG.9	angiogenesis
PASWFB	angiogenesis.NEG.10	angiogenesis
PASWVY	angiogenesis.NEG.15	angiogenesis
PASXGP	angiogenesis.NEG.16	angiogenesis
PASZPI	angiogenesis.POS.9	angiogenesis
PATDWN	angiogenesis.NEG.3	angiogenesis
PATDXG	angiogenesis.NEG.9	angiogenesis
PATEKG	angiogenesis.POS.9	angiogenesis
PATEPF	angiogenesis.NEG.13	angiogenesis
PATESI	angiogenesis.NEG.6	angiogenesis
PATFCY	angiogenesis.NEG.2	angiogenesis
PATFXV	angiogenesis.POS.4	angiogenesis
PATHVK	angiogenesis.POS.1	angiogenesis
PATINJ	angiogenesis.NEG.11	angiogenesis
PANXJL	angiogenesis.POS.16	angiogenesis
PAPLSD	angiogenesis.POS.4	angiogenesis
PAPTFZ	angiogenesis.NEG.5	angiogenesis
PAPTLV	angiogenesis.POS.16	angiogenesis
PAPVRN	angiogenesis.POS.11	angiogenesis
PAKZRH	angiogenesis.NEG.2	angiogenesis
PANZRV	angiogenesis.NEG.1	angiogenesis
PAPICY	angiogenesis.POS.1	angiogenesis
PAPTDH	angiogenesis.POS.17	angiogenesis
PARFRE	angiogenesis.NEG.3	angiogenesis
PARJVP	angiogenesis.NEG.11	angiogenesis
PARNNC	angiogenesis.POS.4	angiogenesis
PARZHA	angiogenesis.NEG.13	angiogenesis
PASCFC	angiogenesis.NEG.9	angiogenesis
PASCTR	angiogenesis.POS.3	angiogenesis
PASJZC	angiogenesis.NEG.1	angiogenesis
PASMDM	angiogenesis.POS.12	angiogenesis
PASNML	angiogenesis.NEG.13	angiogenesis
PASPBZ	angiogenesis.NEG.6	angiogenesis
PASUML	angiogenesis.NEG.4	angiogenesis
PASZKE	angiogenesis.NEG.6	angiogenesis
PATAYJ	angiogenesis.NEG.8	angiogenesis
PATGJU	angiogenesis.POS.13	angiogenesis
PATHKB	angiogenesis.NEG.8	angiogenesis
PASGAP	angiogenesis.POS.12	angiogenesis
PASHFA	angiogenesis.POS.4	angiogenesis
PARBAJ	angiogenesis.POS.8	angiogenesis
PARHAM	angiogenesis.POS.8	angiogenesis
PASNPG	angiogenesis.POS.2	angiogenesis
PASYPX	angiogenesis.NEG.12	angiogenesis
PATYIL	angiogenesis.NEG.2	angiogenesis
PAUDDK	angiogenesis.POS.15	angiogenesis
PALNVP	angiogenesis.NEG.2	angiogenesis
PALXTB	angiogenesis.POS.3	angiogenesis
PAMNLH	angiogenesis.NEG.12	angiogenesis
PANNMS	angiogenesis.NEG.11	angiogenesis
PAPEAV	angiogenesis.NEG.2	angiogenesis
PAISNS	angiogenesis.NEG.5	angiogenesis
PASNEF	angiogenesis.NEG.16	angiogenesis
PASSRN	angiogenesis.POS.12	angiogenesis
PASWIJ	angiogenesis.POS.5	angiogenesis
PATDXC	angiogenesis.POS.5	angiogenesis
PALBFW	emt.NEG.7	emt
PALWVJ	emt.POS.13	emt
PALETP	emt.NEG.6	emt
PALIIN	emt.NEG.11	emt
PALKUC	emt.POS.18	emt
PALUYS	emt.NEG.8	emt
PALVKK	emt.POS.14	emt
PAMBMJ	emt.POS.10	emt
PALZZV	emt.NEG.15	emt
PAMEZH	emt.POS.4	emt
PAMMXF	emt.POS.1	emt
PAMVRA	emt.NEG.9	emt
PANBJH	emt.NEG.12	emt
PAMZMG	emt.ZERO	emt
PANBSP	emt.NEG.10	emt
PANUKV	emt.NEG.13	emt
PANYGR	emt.NEG.10	emt
PAPBGH	emt.NEG.7	emt
PAPKWN	emt.POS.15	emt
PAIVHE	emt.POS.12	emt
PAITEG	emt.POS.18	emt
PAKYZS	emt.POS.12	emt
PAITCI	emt.POS.9	emt
PAPEFE	emt.NEG.1	emt
PAIXIF	emt.POS.17	emt
PALCBW	emt.POS.15	emt
PALTEG	emt.POS.12	emt
PAMYCE	emt.POS.12	emt
PAMZGT	emt.POS.17	emt
PANGXK	emt.POS.14	emt
PANJLH	emt.POS.15	emt
PANKFE	emt.POS.13	emt
PANZPV	emt.POS.6	emt
PANZVU	emt.NEG.7	emt
PAPBZI	emt.NEG.8	emt
PANBMJ	emt.POS.6	emt
PAPHPE	emt.NEG.15	emt
PAIPGU	emt.POS.7	emt
PALEVG	emt.NEG.2	emt
PANRHJ	emt.POS.6	emt
PAPUAR	emt.NEG.12	emt
PAPUEB	emt.NEG.12	emt
PAPUNH	emt.NEG.15	emt
PAPZYP	emt.POS.14	emt
PARACM	emt.POS.6	emt
PANRRW	emt.NEG.12	emt
PANLET	emt.NEG.15	emt
PANRVJ	emt.POS.13	emt
PANSBN	emt.POS.12	emt
PANUIF	emt.POS.7	emt
PANWRR	emt.NEG.8	emt
PAPBJE	emt.POS.15	emt
PAPCTS	emt.NEG.9	emt
PAPKXS	emt.NEG.15	emt
PAPTAN	emt.POS.16	emt
PAPTCR	emt.POS.16	emt
PAPUWY	emt.NEG.6	emt
PAPVFD	emt.NEG.15	emt
PAPVXS	emt.NEG.5	emt
PAPZYZ	emt.POS.18	emt
PARACS	emt.NEG.8	emt
PARAMT	emt.NEG.13	emt
PARBGP	emt.NEG.15	emt
PARDIW	emt.NEG.14	emt
PARFWB	emt.NEG.15	emt
PARDCK	emt.NEG.7	emt
PARGKK	emt.NEG.8	emt
PARKGJ	emt.POS.17	emt
PARSBI	emt.POS.7	emt
PAIFXV	emt.POS.9	emt
PARVLK	emt.POS.7	emt
PARYNK	emt.NEG.14	emt
PARZIP	emt.NEG.15	emt
PASEGA	emt.NEG.7	emt
PASFGG	emt.POS.4	emt
PASGUT	emt.NEG.14	emt
PASMJG	emt.POS.13	emt
PASMNT	emt.NEG.17	emt
PASNZU	emt.NEG.9	emt
PASPER	emt.NEG.14	emt
PASRFS	emt.NEG.15	emt
PASSRS	emt.NEG.13	emt
PASTCN	emt.NEG.7	emt
PASTKC	emt.POS.13	emt
PASUCB	emt.NEG.8	emt
PASUYG	emt.NEG.5	emt
PASVRU	emt.NEG.11	emt
PASWFB	emt.NEG.9	emt
PASWVY	emt.NEG.17	emt
PASXGP	emt.NEG.16	emt
PASZPI	emt.POS.11	emt
PATDWN	emt.NEG.10	emt
PATDXG	emt.NEG.7	emt
PATEKG	emt.POS.10	emt
PATEPF	emt.NEG.13	emt
PATESI	emt.NEG.5	emt
PATFCY	emt.NEG.11	emt
PATFXV	emt.POS.4	emt
PATHVK	emt.ZERO	emt
PATINJ	emt.NEG.12	emt
PANXJL	emt.POS.16	emt
PAPLSD	emt.POS.8	emt
PAPTFZ	emt.NEG.6	emt
PAPTLV	emt.POS.17	emt
PAPVRN	emt.POS.7	emt
PAKZRH	emt.POS.2	emt
PANZRV	emt.NEG.5	emt
PAPICY	emt.NEG.2	emt
PAPTDH	emt.POS.14	emt
PARFRE	emt.NEG.6	emt
PARJVP	emt.NEG.7	emt
PARNNC	emt.POS.8	emt
PARZHA	emt.NEG.10	emt
PASCFC	emt.NEG.11	emt
PASCTR	emt.POS.4	emt
PASJZC	emt.NEG.3	emt
PASMDM	emt.POS.9	emt
PASNML	emt.NEG.14	emt
PASPBZ	emt.NEG.9	emt
PASUML	emt.NEG.6	emt
PASZKE	emt.NEG.8	emt
PATAYJ	emt.NEG.6	emt
PATGJU	emt.POS.9	emt
PATHKB	emt.NEG.11	emt
PASGAP	emt.POS.11	emt
PASHFA	emt.POS.9	emt
PARBAJ	emt.POS.12	emt
PARHAM	emt.POS.6	emt
PASNPG	emt.NEG.3	emt
PASYPX	emt.NEG.10	emt
PATYIL	emt.NEG.8	emt
PAUDDK	emt.POS.16	emt
PALNVP	emt.NEG.3	emt
PALXTB	emt.NEG.2	emt
PAMNLH	emt.NEG.14	emt
PANNMS	emt.NEG.8	emt
PAPEAV	emt.NEG.4	emt
PAISNS	emt.POS.7	emt
PASNEF	emt.NEG.15	emt
PASSRN	emt.POS.9	emt
PASWIJ	emt.POS.7	emt
PATDXC	emt.POS.3	emt
PALBFW	g2m.NEG.18	g2m
PALWVJ	g2m.POS.9	g2m
PALETP	g2m.POS.2	g2m
PALIIN	g2m.POS.12	g2m
PALKUC	g2m.NEG.7	g2m
PALUYS	g2m.POS.9	g2m
PALVKK	g2m.NEG.17	g2m
PAMBMJ	g2m.POS.12	g2m
PALZZV	g2m.POS.17	g2m
PAMEZH	g2m.NEG.12	g2m
PAMMXF	g2m.POS.6	g2m
PAMVRA	g2m.POS.13	g2m
PANBJH	g2m.POS.10	g2m
PAMZMG	g2m.POS.9	g2m
PANBSP	g2m.POS.5	g2m
PANUKV	g2m.POS.15	g2m
PANYGR	g2m.POS.15	g2m
PAPBGH	g2m.POS.12	g2m
PAPKWN	g2m.POS.5	g2m
PAIVHE	g2m.NEG.2	g2m
PAITEG	g2m.NEG.15	g2m
PAKYZS	g2m.NEG.19	g2m
PAITCI	g2m.NEG.9	g2m
PAPEFE	g2m.NEG.3	g2m
PAIXIF	g2m.NEG.12	g2m
PALCBW	g2m.NEG.17	g2m
PALTEG	g2m.POS.4	g2m
PAMYCE	g2m.NEG.6	g2m
PAMZGT	g2m.POS.6	g2m
PANGXK	g2m.NEG.16	g2m
PANJLH	g2m.NEG.15	g2m
PANKFE	g2m.NEG.19	g2m
PANZPV	g2m.NEG.15	g2m
PANZVU	g2m.POS.1	g2m
PAPBZI	g2m.POS.6	g2m
PANBMJ	g2m.NEG.11	g2m
PAPHPE	g2m.NEG.17	g2m
PAIPGU	g2m.POS.9	g2m
PALEVG	g2m.POS.6	g2m
PANRHJ	g2m.POS.6	g2m
PAPUAR	g2m.POS.10	g2m
PAPUEB	g2m.POS.14	g2m
PAPUNH	g2m.POS.9	g2m
PAPZYP	g2m.POS.14	g2m
PARACM	g2m.NEG.15	g2m
PANRRW	g2m.NEG.17	g2m
PANLET	g2m.POS.8	g2m
PANRVJ	g2m.NEG.17	g2m
PANSBN	g2m.NEG.15	g2m
PANUIF	g2m.NEG.16	g2m
PANWRR	g2m.NEG.5	g2m
PAPBJE	g2m.POS.1	g2m
PAPCTS	g2m.POS.5	g2m
PAPKXS	g2m.POS.11	g2m
PAPTAN	g2m.NEG.9	g2m
PAPTCR	g2m.NEG.17	g2m
PAPUWY	g2m.POS.13	g2m
PAPVFD	g2m.POS.8	g2m
PAPVXS	g2m.POS.11	g2m
PAPZYZ	g2m.POS.5	g2m
PARACS	g2m.NEG.6	g2m
PARAMT	g2m.POS.1	g2m
PARBGP	g2m.POS.8	g2m
PARDIW	g2m.NEG.5	g2m
PARFWB	g2m.POS.16	g2m
PARDCK	g2m.NEG.18	g2m
PARGKK	g2m.NEG.16	g2m
PARKGJ	g2m.POS.8	g2m
PARSBI	g2m.NEG.7	g2m
PAIFXV	g2m.NEG.18	g2m
PARVLK	g2m.NEG.14	g2m
PARYNK	g2m.POS.13	g2m
PARZIP	g2m.NEG.4	g2m
PASEGA	g2m.POS.2	g2m
PASFGG	g2m.POS.11	g2m
PASGUT	g2m.POS.4	g2m
PASMJG	g2m.NEG.17	g2m
PASMNT	g2m.POS.9	g2m
PASNZU	g2m.POS.14	g2m
PASPER	g2m.NEG.13	g2m
PASRFS	g2m.NEG.8	g2m
PASSRS	g2m.POS.9	g2m
PASTCN	g2m.POS.10	g2m
PASTKC	g2m.NEG.12	g2m
PASUCB	g2m.POS.15	g2m
PASUYG	g2m.POS.16	g2m
PASVRU	g2m.POS.11	g2m
PASWFB	g2m.POS.15	g2m
PASWVY	g2m.POS.8	g2m
PASXGP	g2m.POS.5	g2m
PASZPI	g2m.POS.8	g2m
PATDWN	g2m.POS.5	g2m
PATDXG	g2m.POS.16	g2m
PATEKG	g2m.NEG.19	g2m
PATEPF	g2m.POS.12	g2m
PATESI	g2m.POS.16	g2m
PATFCY	g2m.POS.10	g2m
PATFXV	g2m.POS.15	g2m
PATHVK	g2m.POS.11	g2m
PATINJ	g2m.POS.10	g2m
PANXJL	g2m.NEG.16	g2m
PAPLSD	g2m.POS.3	g2m
PAPTFZ	g2m.POS.12	g2m
PAPTLV	g2m.NEG.5	g2m
PAPVRN	g2m.NEG.16	g2m
PAKZRH	g2m.NEG.3	g2m
PANZRV	g2m.POS.3	g2m
PAPICY	g2m.NEG.17	g2m
PAPTDH	g2m.NEG.3	g2m
PARFRE	g2m.POS.16	g2m
PARJVP	g2m.POS.3	g2m
PARNNC	g2m.NEG.12	g2m
PARZHA	g2m.POS.8	g2m
PASCFC	g2m.NEG.14	g2m
PASCTR	g2m.POS.15	g2m
PASJZC	g2m.NEG.12	g2m
PASMDM	g2m.NEG.17	g2m
PASNML	g2m.POS.11	g2m
PASPBZ	g2m.POS.11	g2m
PASUML	g2m.NEG.12	g2m
PASZKE	g2m.NEG.12	g2m
PATAYJ	g2m.POS.9	g2m
PATGJU	g2m.NEG.18	g2m
PATHKB	g2m.POS.10	g2m
PASGAP	g2m.NEG.17	g2m
PASHFA	g2m.POS.4	g2m
PARBAJ	g2m.NEG.10	g2m
PARHAM	g2m.NEG.8	g2m
PASNPG	g2m.POS.12	g2m
PASYPX	g2m.POS.18	g2m
PATYIL	g2m.POS.5	g2m
PAUDDK	g2m.NEG.10	g2m
PALNVP	g2m.NEG.14	g2m
PALXTB	g2m.NEG.17	g2m
PAMNLH	g2m.POS.7	g2m
PANNMS	g2m.POS.14	g2m
PAPEAV	g2m.POS.13	g2m
PAISNS	g2m.POS.16	g2m
PASNEF	g2m.POS.10	g2m
PASSRN	g2m.NEG.15	g2m
PASWIJ	g2m.NEG.5	g2m
PATDXC	g2m.POS.9	g2m
PALBFW	hh.POS.6	hh
PALWVJ	hh.NEG.1	hh
PALETP	hh.NEG.7	hh
PALIIN	hh.POS.1	hh
PALKUC	hh.POS.2	hh
PALUYS	hh.POS.8	hh
PALVKK	hh.POS.1	hh
PAMBMJ	hh.POS.3	hh
PALZZV	hh.NEG.9	hh
PAMEZH	hh.POS.7	hh
PAMMXF	hh.NEG.2	hh
PAMVRA	hh.POS.3	hh
PANBJH	hh.POS.1	hh
PAMZMG	hh.POS.4	hh
PANBSP	hh.NEG.5	hh
PANUKV	hh.NEG.6	hh
PANYGR	hh.POS.2	hh
PAPBGH	hh.NEG.6	hh
PAPKWN	hh.NEG.2	hh
PAIVHE	hh.ZERO	hh
PAITEG	hh.NEG.2	hh
PAKYZS	hh.POS.8	hh
PAITCI	hh.NEG.3	hh
PAPEFE	hh.NEG.5	hh
PAIXIF	hh.OUTLIER	hh
PALCBW	hh.POS.6	hh
PALTEG	hh.POS.1	hh
PAMYCE	hh.POS.5	hh
PAMZGT	hh.POS.2	hh
PANGXK	hh.POS.1	hh
PANJLH	hh.NEG.5	hh
PANKFE	hh.POS.6	hh
PANZPV	hh.POS.5	hh
PANZVU	hh.POS.4	hh
PAPBZI	hh.POS.7	hh
PANBMJ	hh.NEG.8	hh
PAPHPE	hh.NEG.2	hh
PAIPGU	hh.NEG.1	hh
PALEVG	hh.POS.2	hh
PANRHJ	hh.NEG.3	hh
PAPUAR	hh.NEG.3	hh
PAPUEB	hh.NEG.9	hh
PAPUNH	hh.NEG.2	hh
PAPZYP	hh.NEG.4	hh
PARACM	hh.POS.4	hh
PANRRW	hh.POS.4	hh
PANLET	hh.NEG.9	hh
PANRVJ	hh.NEG.2	hh
PANSBN	hh.NEG.4	hh
PANUIF	hh.POS.4	hh
PANWRR	hh.NEG.4	hh
PAPBJE	hh.POS.4	hh
PAPCTS	hh.NEG.2	hh
PAPKXS	hh.NEG.2	hh
PAPTAN	hh.POS.3	hh
PAPTCR	hh.POS.1	hh
PAPUWY	hh.NEG.5	hh
PAPVFD	hh.NEG.2	hh
PAPVXS	hh.NEG.14	hh
PAPZYZ	hh.NEG.2	hh
PARACS	hh.POS.2	hh
PARAMT	hh.NEG.2	hh
PARBGP	hh.NEG.3	hh
PARDIW	hh.NEG.8	hh
PARFWB	hh.ZERO	hh
PARDCK	hh.NEG.2	hh
PARGKK	hh.POS.3	hh
PARKGJ	hh.NEG.9	hh
PARSBI	hh.NEG.8	hh
PAIFXV	hh.POS.4	hh
PARVLK	hh.NEG.2	hh
PARYNK	hh.NEG.5	hh
PARZIP	hh.NEG.2	hh
PASEGA	hh.NEG.2	hh
PASFGG	hh.NEG.13	hh
PASGUT	hh.NEG.1	hh
PASMJG	hh.NEG.1	hh
PASMNT	hh.NEG.8	hh
PASNZU	hh.NEG.8	hh
PASPER	hh.NEG.4	hh
PASRFS	hh.NEG.4	hh
PASSRS	hh.NEG.7	hh
PASTCN	hh.NEG.5	hh
PASTKC	hh.POS.1	hh
PASUCB	hh.NEG.7	hh
PASUYG	hh.NEG.8	hh
PASVRU	hh.NEG.3	hh
PASWFB	hh.POS.2	hh
PASWVY	hh.NEG.7	hh
PASXGP	hh.POS.2	hh
PASZPI	hh.NEG.7	hh
PATDWN	hh.NEG.5	hh
PATDXG	hh.NEG.9	hh
PATEKG	hh.POS.4	hh
PATEPF	hh.POS.2	hh
PATESI	hh.POS.2	hh
PATFCY	hh.NEG.1	hh
PATFXV	hh.NEG.4	hh
PATHVK	hh.NEG.3	hh
PATINJ	hh.NEG.2	hh
PANXJL	hh.NEG.3	hh
PAPLSD	hh.NEG.3	hh
PAPTFZ	hh.NEG.5	hh
PAPTLV	hh.POS.1	hh
PAPVRN	hh.POS.5	hh
PAKZRH	hh.NEG.4	hh
PANZRV	hh.OUTLIER	hh
PAPICY	hh.POS.4	hh
PAPTDH	hh.OUTLIER	hh
PARFRE	hh.NEG.3	hh
PARJVP	hh.OUTLIER	hh
PARNNC	hh.POS.4	hh
PARZHA	hh.POS.3	hh
PASCFC	hh.POS.7	hh
PASCTR	hh.POS.1	hh
PASJZC	hh.POS.7	hh
PASMDM	hh.POS.2	hh
PASNML	hh.POS.8	hh
PASPBZ	hh.POS.8	hh
PASUML	hh.POS.7	hh
PASZKE	hh.POS.1	hh
PATAYJ	hh.POS.6	hh
PATGJU	hh.POS.8	hh
PATHKB	hh.POS.7	hh
PASGAP	hh.POS.4	hh
PASHFA	hh.NEG.9	hh
PARBAJ	hh.POS.4	hh
PARHAM	hh.POS.5	hh
PASNPG	hh.POS.3	hh
PASYPX	hh.NEG.5	hh
PATYIL	hh.POS.8	hh
PAUDDK	hh.POS.4	hh
PALNVP	hh.POS.8	hh
PALXTB	hh.POS.8	hh
PAMNLH	hh.POS.2	hh
PANNMS	hh.POS.5	hh
PAPEAV	hh.POS.2	hh
PAISNS	hh.OUTLIER	hh
PASNEF	hh.NEG.8	hh
PASSRN	hh.NEG.2	hh
PASWIJ	hh.NEG.2	hh
PATDXC	hh.POS.1	hh
PALBFW	hypoxia.POS.3	hypoxia
PALWVJ	hypoxia.POS.7	hypoxia
PALETP	hypoxia.NEG.3	hypoxia
PALIIN	hypoxia.NEG.3	hypoxia
PALKUC	hypoxia.POS.13	hypoxia
PALUYS	hypoxia.NEG.2	hypoxia
PALVKK	hypoxia.POS.10	hypoxia
PAMBMJ	hypoxia.NEG.4	hypoxia
PALZZV	hypoxia.NEG.12	hypoxia
PAMEZH	hypoxia.POS.4	hypoxia
PAMMXF	hypoxia.POS.2	hypoxia
PAMVRA	hypoxia.NEG.4	hypoxia
PANBJH	hypoxia.NEG.11	hypoxia
PAMZMG	hypoxia.POS.2	hypoxia
PANBSP	hypoxia.NEG.7	hypoxia
PANUKV	hypoxia.NEG.9	hypoxia
PANYGR	hypoxia.NEG.6	hypoxia
PAPBGH	hypoxia.NEG.5	hypoxia
PAPKWN	hypoxia.POS.7	hypoxia
PAIVHE	hypoxia.POS.10	hypoxia
PAITEG	hypoxia.OUTLIER	hypoxia
PAKYZS	hypoxia.POS.10	hypoxia
PAITCI	hypoxia.POS.6	hypoxia
PAPEFE	hypoxia.NEG.2	hypoxia
PAIXIF	hypoxia.POS.13	hypoxia
PALCBW	hypoxia.POS.10	hypoxia
PALTEG	hypoxia.POS.9	hypoxia
PAMYCE	hypoxia.POS.2	hypoxia
PAMZGT	hypoxia.POS.10	hypoxia
PANGXK	hypoxia.POS.11	hypoxia
PANJLH	hypoxia.POS.8	hypoxia
PANKFE	hypoxia.POS.9	hypoxia
PANZPV	hypoxia.NEG.1	hypoxia
PANZVU	hypoxia.NEG.9	hypoxia
PAPBZI	hypoxia.NEG.4	hypoxia
PANBMJ	hypoxia.ZERO	hypoxia
PAPHPE	hypoxia.NEG.8	hypoxia
PAIPGU	hypoxia.POS.4	hypoxia
PALEVG	hypoxia.NEG.5	hypoxia
PANRHJ	hypoxia.POS.4	hypoxia
PAPUAR	hypoxia.NEG.11	hypoxia
PAPUEB	hypoxia.NEG.11	hypoxia
PAPUNH	hypoxia.NEG.8	hypoxia
PAPZYP	hypoxia.POS.8	hypoxia
PARACM	hypoxia.NEG.2	hypoxia
PANRRW	hypoxia.NEG.6	hypoxia
PANLET	hypoxia.NEG.10	hypoxia
PANRVJ	hypoxia.POS.2	hypoxia
PANSBN	hypoxia.POS.9	hypoxia
PANUIF	hypoxia.POS.9	hypoxia
PANWRR	hypoxia.NEG.6	hypoxia
PAPBJE	hypoxia.OUTLIER	hypoxia
PAPCTS	hypoxia.NEG.5	hypoxia
PAPKXS	hypoxia.NEG.10	hypoxia
PAPTAN	hypoxia.POS.12	hypoxia
PAPTCR	hypoxia.POS.11	hypoxia
PAPUWY	hypoxia.NEG.4	hypoxia
PAPVFD	hypoxia.NEG.11	hypoxia
PAPVXS	hypoxia.POS.1	hypoxia
PAPZYZ	hypoxia.POS.11	hypoxia
PARACS	hypoxia.ZERO	hypoxia
PARAMT	hypoxia.NEG.7	hypoxia
PARBGP	hypoxia.NEG.11	hypoxia
PARDIW	hypoxia.NEG.11	hypoxia
PARFWB	hypoxia.NEG.8	hypoxia
PARDCK	hypoxia.NEG.1	hypoxia
PARGKK	hypoxia.POS.2	hypoxia
PARKGJ	hypoxia.POS.11	hypoxia
PARSBI	hypoxia.POS.8	hypoxia
PAIFXV	hypoxia.POS.8	hypoxia
PARVLK	hypoxia.POS.8	hypoxia
PARYNK	hypoxia.NEG.7	hypoxia
PARZIP	hypoxia.NEG.10	hypoxia
PASEGA	hypoxia.NEG.5	hypoxia
PASFGG	hypoxia.NEG.8	hypoxia
PASGUT	hypoxia.NEG.10	hypoxia
PASMJG	hypoxia.POS.10	hypoxia
PASMNT	hypoxia.NEG.11	hypoxia
PASNZU	hypoxia.NEG.6	hypoxia
PASPER	hypoxia.NEG.11	hypoxia
PASRFS	hypoxia.NEG.13	hypoxia
PASSRS	hypoxia.NEG.11	hypoxia
PASTCN	hypoxia.NEG.7	hypoxia
PASTKC	hypoxia.POS.2	hypoxia
PASUCB	hypoxia.NEG.8	hypoxia
PASUYG	hypoxia.NEG.2	hypoxia
PASVRU	hypoxia.POS.5	hypoxia
PASWFB	hypoxia.NEG.6	hypoxia
PASWVY	hypoxia.NEG.8	hypoxia
PASXGP	hypoxia.NEG.11	hypoxia
PASZPI	hypoxia.POS.2	hypoxia
PATDWN	hypoxia.NEG.6	hypoxia
PATDXG	hypoxia.POS.2	hypoxia
PATEKG	hypoxia.POS.8	hypoxia
PATEPF	hypoxia.NEG.1	hypoxia
PATESI	hypoxia.NEG.3	hypoxia
PATFCY	hypoxia.NEG.10	hypoxia
PATFXV	hypoxia.NEG.3	hypoxia
PATHVK	hypoxia.POS.1	hypoxia
PATINJ	hypoxia.NEG.11	hypoxia
PANXJL	hypoxia.POS.13	hypoxia
PAPLSD	hypoxia.NEG.1	hypoxia
PAPTFZ	hypoxia.NEG.5	hypoxia
PAPTLV	hypoxia.POS.8	hypoxia
PAPVRN	hypoxia.POS.10	hypoxia
PAKZRH	hypoxia.POS.1	hypoxia
PANZRV	hypoxia.NEG.5	hypoxia
PAPICY	hypoxia.NEG.1	hypoxia
PAPTDH	hypoxia.POS.12	hypoxia
PARFRE	hypoxia.NEG.9	hypoxia
PARJVP	hypoxia.NEG.8	hypoxia
PARNNC	hypoxia.POS.1	hypoxia
PARZHA	hypoxia.NEG.7	hypoxia
PASCFC	hypoxia.NEG.9	hypoxia
PASCTR	hypoxia.POS.3	hypoxia
PASJZC	hypoxia.NEG.6	hypoxia
PASMDM	hypoxia.POS.6	hypoxia
PASNML	hypoxia.NEG.11	hypoxia
PASPBZ	hypoxia.POS.4	hypoxia
PASUML	hypoxia.NEG.4	hypoxia
PASZKE	hypoxia.NEG.9	hypoxia
PATAYJ	hypoxia.NEG.10	hypoxia
PATGJU	hypoxia.POS.3	hypoxia
PATHKB	hypoxia.NEG.6	hypoxia
PASGAP	hypoxia.POS.11	hypoxia
PASHFA	hypoxia.POS.3	hypoxia
PARBAJ	hypoxia.NEG.2	hypoxia
PARHAM	hypoxia.NEG.1	hypoxia
PASNPG	hypoxia.POS.1	hypoxia
PASYPX	hypoxia.NEG.7	hypoxia
PATYIL	hypoxia.POS.6	hypoxia
PAUDDK	hypoxia.POS.11	hypoxia
PALNVP	hypoxia.POS.6	hypoxia
PALXTB	hypoxia.POS.4	hypoxia
PAMNLH	hypoxia.NEG.1	hypoxia
PANNMS	hypoxia.NEG.2	hypoxia
PAPEAV	hypoxia.POS.2	hypoxia
PAISNS	hypoxia.POS.8	hypoxia
PASNEF	hypoxia.NEG.10	hypoxia
PASSRN	hypoxia.NEG.2	hypoxia
PASWIJ	hypoxia.NEG.9	hypoxia
PATDXC	hypoxia.POS.2	hypoxia
PALBFW	mtor.NEG.11	mtor
PALWVJ	mtor.POS.11	mtor
PALETP	mtor.ZERO	mtor
PALIIN	mtor.POS.7	mtor
PALKUC	mtor.ZERO	mtor
PALUYS	mtor.POS.2	mtor
PALVKK	mtor.POS.2	mtor
PAMBMJ	mtor.NEG.8	mtor
PALZZV	mtor.POS.2	mtor
PAMEZH	mtor.NEG.2	mtor
PAMMXF	mtor.NEG.6	mtor
PAMVRA	mtor.POS.11	mtor
PANBJH	mtor.NEG.7	mtor
PAMZMG	mtor.ZERO	mtor
PANBSP	mtor.POS.2	mtor
PANUKV	mtor.POS.7	mtor
PANYGR	mtor.POS.11	mtor
PAPBGH	mtor.POS.4	mtor
PAPKWN	mtor.POS.7	mtor
PAIVHE	mtor.POS.1	mtor
PAITEG	mtor.POS.11	mtor
PAKYZS	mtor.NEG.6	mtor
PAITCI	mtor.POS.8	mtor
PAPEFE	mtor.NEG.4	mtor
PAIXIF	mtor.POS.5	mtor
PALCBW	mtor.POS.6	mtor
PALTEG	mtor.POS.3	mtor
PAMYCE	mtor.NEG.12	mtor
PAMZGT	mtor.NEG.1	mtor
PANGXK	mtor.NEG.3	mtor
PANJLH	mtor.NEG.3	mtor
PANKFE	mtor.NEG.7	mtor
PANZPV	mtor.NEG.11	mtor
PANZVU	mtor.POS.6	mtor
PAPBZI	mtor.NEG.4	mtor
PANBMJ	mtor.NEG.6	mtor
PAPHPE	mtor.NEG.3	mtor
PAIPGU	mtor.POS.3	mtor
PALEVG	mtor.POS.1	mtor
PANRHJ	mtor.POS.4	mtor
PAPUAR	mtor.NEG.6	mtor
PAPUEB	mtor.NEG.1	mtor
PAPUNH	mtor.POS.1	mtor
PAPZYP	mtor.POS.6	mtor
PARACM	mtor.NEG.7	mtor
PANRRW	mtor.NEG.11	mtor
PANLET	mtor.NEG.8	mtor
PANRVJ	mtor.NEG.12	mtor
PANSBN	mtor.NEG.2	mtor
PANUIF	mtor.NEG.7	mtor
PANWRR	mtor.NEG.12	mtor
PAPBJE	mtor.POS.4	mtor
PAPCTS	mtor.POS.2	mtor
PAPKXS	mtor.NEG.6	mtor
PAPTAN	mtor.POS.3	mtor
PAPTCR	mtor.NEG.2	mtor
PAPUWY	mtor.NEG.2	mtor
PAPVFD	mtor.NEG.4	mtor
PAPVXS	mtor.POS.7	mtor
PAPZYZ	mtor.POS.6	mtor
PARACS	mtor.NEG.7	mtor
PARAMT	mtor.POS.3	mtor
PARBGP	mtor.NEG.2	mtor
PARDIW	mtor.NEG.10	mtor
PARFWB	mtor.POS.6	mtor
PARDCK	mtor.NEG.3	mtor
PARGKK	mtor.NEG.4	mtor
PARKGJ	mtor.POS.10	mtor
PARSBI	mtor.NEG.6	mtor
PAIFXV	mtor.NEG.6	mtor
PARVLK	mtor.POS.1	mtor
PARYNK	mtor.POS.1	mtor
PARZIP	mtor.NEG.11	mtor
PASEGA	mtor.NEG.8	mtor
PASFGG	mtor.POS.3	mtor
PASGUT	mtor.NEG.11	mtor
PASMJG	mtor.POS.7	mtor
PASMNT	mtor.NEG.2	mtor
PASNZU	mtor.NEG.1	mtor
PASPER	mtor.NEG.14	mtor
PASRFS	mtor.NEG.12	mtor
PASSRS	mtor.NEG.11	mtor
PASTCN	mtor.NEG.7	mtor
PASTKC	mtor.NEG.5	mtor
PASUCB	mtor.POS.1	mtor
PASUYG	mtor.NEG.1	mtor
PASVRU	mtor.POS.2	mtor
PASWFB	mtor.POS.2	mtor
PASWVY	mtor.NEG.5	mtor
PASXGP	mtor.NEG.2	mtor
PASZPI	mtor.NEG.2	mtor
PATDWN	mtor.NEG.10	mtor
PATDXG	mtor.OUTLIER	mtor
PATEKG	mtor.POS.4	mtor
PATEPF	mtor.POS.3	mtor
PATESI	mtor.POS.7	mtor
PATFCY	mtor.NEG.4	mtor
PATFXV	mtor.NEG.2	mtor
PATHVK	mtor.POS.3	mtor
PATINJ	mtor.POS.5	mtor
PANXJL	mtor.NEG.2	mtor
PAPLSD	mtor.NEG.5	mtor
PAPTFZ	mtor.NEG.8	mtor
PAPTLV	mtor.NEG.10	mtor
PAPVRN	mtor.POS.9	mtor
PAKZRH	mtor.POS.9	mtor
PANZRV	mtor.NEG.11	mtor
PAPICY	mtor.NEG.10	mtor
PAPTDH	mtor.NEG.4	mtor
PARFRE	mtor.NEG.9	mtor
PARJVP	mtor.NEG.9	mtor
PARNNC	mtor.NEG.9	mtor
PARZHA	mtor.NEG.6	mtor
PASCFC	mtor.NEG.15	mtor
PASCTR	mtor.POS.7	mtor
PASJZC	mtor.NEG.13	mtor
PASMDM	mtor.NEG.11	mtor
PASNML	mtor.NEG.6	mtor
PASPBZ	mtor.POS.5	mtor
PASUML	mtor.NEG.7	mtor
PASZKE	mtor.NEG.10	mtor
PATAYJ	mtor.NEG.10	mtor
PATGJU	mtor.NEG.3	mtor
PATHKB	mtor.NEG.3	mtor
PASGAP	mtor.POS.10	mtor
PASHFA	mtor.POS.4	mtor
PARBAJ	mtor.NEG.5	mtor
PARHAM	mtor.NEG.1	mtor
PASNPG	mtor.POS.6	mtor
PASYPX	mtor.OUTLIER	mtor
PATYIL	mtor.OUTLIER	mtor
PAUDDK	mtor.POS.9	mtor
PALNVP	mtor.POS.7	mtor
PALXTB	mtor.POS.1	mtor
PAMNLH	mtor.POS.11	mtor
PANNMS	mtor.OUTLIER	mtor
PAPEAV	mtor.POS.9	mtor
PAISNS	mtor.POS.12	mtor
PASNEF	mtor.ZERO	mtor
PASSRN	mtor.NEG.13	mtor
PASWIJ	mtor.NEG.12	mtor
PATDXC	mtor.POS.9	mtor
PALBFW	nfkb.POS.12	nfkb
PALWVJ	nfkb.POS.14	nfkb
PALETP	nfkb.NEG.9	nfkb
PALIIN	nfkb.NEG.4	nfkb
PALKUC	nfkb.POS.13	nfkb
PALUYS	nfkb.NEG.11	nfkb
PALVKK	nfkb.POS.17	nfkb
PAMBMJ	nfkb.NEG.10	nfkb
PALZZV	nfkb.NEG.14	nfkb
PAMEZH	nfkb.NEG.5	nfkb
PAMMXF	nfkb.NEG.5	nfkb
PAMVRA	nfkb.NEG.9	nfkb
PANBJH	nfkb.NEG.14	nfkb
PAMZMG	nfkb.POS.3	nfkb
PANBSP	nfkb.NEG.13	nfkb
PANUKV	nfkb.NEG.12	nfkb
PANYGR	nfkb.NEG.13	nfkb
PAPBGH	nfkb.NEG.9	nfkb
PAPKWN	nfkb.POS.11	nfkb
PAIVHE	nfkb.POS.18	nfkb
PAITEG	nfkb.POS.20	nfkb
PAKYZS	nfkb.POS.16	nfkb
PAITCI	nfkb.POS.6	nfkb
PAPEFE	nfkb.POS.5	nfkb
PAIXIF	nfkb.POS.18	nfkb
PALCBW	nfkb.POS.10	nfkb
PALTEG	nfkb.POS.9	nfkb
PAMYCE	nfkb.POS.11	nfkb
PAMZGT	nfkb.POS.13	nfkb
PANGXK	nfkb.POS.19	nfkb
PANJLH	nfkb.POS.9	nfkb
PANKFE	nfkb.POS.15	nfkb
PANZPV	nfkb.NEG.1	nfkb
PANZVU	nfkb.NEG.8	nfkb
PAPBZI	nfkb.NEG.13	nfkb
PANBMJ	nfkb.POS.13	nfkb
PAPHPE	nfkb.NEG.12	nfkb
PAIPGU	nfkb.POS.7	nfkb
PALEVG	nfkb.NEG.12	nfkb
PANRHJ	nfkb.NEG.6	nfkb
PAPUAR	nfkb.NEG.8	nfkb
PAPUEB	nfkb.NEG.10	nfkb
PAPUNH	nfkb.NEG.9	nfkb
PAPZYP	nfkb.POS.13	nfkb
PARACM	nfkb.POS.11	nfkb
PANRRW	nfkb.POS.4	nfkb
PANLET	nfkb.NEG.13	nfkb
PANRVJ	nfkb.POS.13	nfkb
PANSBN	nfkb.POS.18	nfkb
PANUIF	nfkb.POS.11	nfkb
PANWRR	nfkb.NEG.13	nfkb
PAPBJE	nfkb.POS.14	nfkb
PAPCTS	nfkb.NEG.8	nfkb
PAPKXS	nfkb.NEG.16	nfkb
PAPTAN	nfkb.OUTLIER	nfkb
PAPTCR	nfkb.POS.17	nfkb
PAPUWY	nfkb.POS.8	nfkb
PAPVFD	nfkb.NEG.14	nfkb
PAPVXS	nfkb.POS.14	nfkb
PAPZYZ	nfkb.POS.17	nfkb
PARACS	nfkb.POS.4	nfkb
PARAMT	nfkb.NEG.14	nfkb
PARBGP	nfkb.NEG.12	nfkb
PARDIW	nfkb.NEG.3	nfkb
PARFWB	nfkb.NEG.9	nfkb
PARDCK	nfkb.NEG.6	nfkb
PARGKK	nfkb.NEG.6	nfkb
PARKGJ	nfkb.POS.19	nfkb
PARSBI	nfkb.POS.15	nfkb
PAIFXV	nfkb.POS.17	nfkb
PARVLK	nfkb.NEG.4	nfkb
PARYNK	nfkb.NEG.11	nfkb
PARZIP	nfkb.NEG.12	nfkb
PASEGA	nfkb.NEG.8	nfkb
PASFGG	nfkb.POS.2	nfkb
PASGUT	nfkb.NEG.9	nfkb
PASMJG	nfkb.POS.16	nfkb
PASMNT	nfkb.NEG.12	nfkb
PASNZU	nfkb.NEG.14	nfkb
PASPER	nfkb.NEG.10	nfkb
PASRFS	nfkb.NEG.10	nfkb
PASSRS	nfkb.NEG.15	nfkb
PASTCN	nfkb.NEG.12	nfkb
PASTKC	nfkb.POS.14	nfkb
PASUCB	nfkb.NEG.12	nfkb
PASUYG	nfkb.NEG.8	nfkb
PASVRU	nfkb.NEG.12	nfkb
PASWFB	nfkb.NEG.12	nfkb
PASWVY	nfkb.NEG.12	nfkb
PASXGP	nfkb.NEG.16	nfkb
PASZPI	nfkb.POS.5	nfkb
PATDWN	nfkb.NEG.9	nfkb
PATDXG	nfkb.NEG.10	nfkb
PATEKG	nfkb.POS.13	nfkb
PATEPF	nfkb.NEG.11	nfkb
PATESI	nfkb.NEG.10	nfkb
PATFCY	nfkb.NEG.15	nfkb
PATFXV	nfkb.NEG.4	nfkb
PATHVK	nfkb.NEG.9	nfkb
PATINJ	nfkb.NEG.13	nfkb
PANXJL	nfkb.POS.19	nfkb
PAPLSD	nfkb.POS.4	nfkb
PAPTFZ	nfkb.NEG.13	nfkb
PAPTLV	nfkb.POS.8	nfkb
PAPVRN	nfkb.POS.13	nfkb
PAKZRH	nfkb.NEG.5	nfkb
PANZRV	nfkb.NEG.12	nfkb
PAPICY	nfkb.NEG.6	nfkb
PAPTDH	nfkb.POS.16	nfkb
PARFRE	nfkb.NEG.13	nfkb
PARJVP	nfkb.NEG.14	nfkb
PARNNC	nfkb.POS.1	nfkb
PARZHA	nfkb.NEG.13	nfkb
PASCFC	nfkb.NEG.12	nfkb
PASCTR	nfkb.NEG.5	nfkb
PASJZC	nfkb.NEG.8	nfkb
PASMDM	nfkb.POS.5	nfkb
PASNML	nfkb.NEG.17	nfkb
PASPBZ	nfkb.NEG.12	nfkb
PASUML	nfkb.NEG.8	nfkb
PASZKE	nfkb.NEG.15	nfkb
PATAYJ	nfkb.NEG.12	nfkb
PATGJU	nfkb.NEG.6	nfkb
PATHKB	nfkb.NEG.14	nfkb
PASGAP	nfkb.POS.11	nfkb
PASHFA	nfkb.POS.6	nfkb
PARBAJ	nfkb.NEG.8	nfkb
PARHAM	nfkb.NEG.9	nfkb
PASNPG	nfkb.NEG.11	nfkb
PASYPX	nfkb.NEG.6	nfkb
PATYIL	nfkb.NEG.11	nfkb
PAUDDK	nfkb.POS.13	nfkb
PALNVP	nfkb.NEG.2	nfkb
PALXTB	nfkb.POS.9	nfkb
PAMNLH	nfkb.NEG.12	nfkb
PANNMS	nfkb.NEG.5	nfkb
PAPEAV	nfkb.NEG.5	nfkb
PAISNS	nfkb.POS.4	nfkb
PASNEF	nfkb.NEG.14	nfkb
PASSRN	nfkb.POS.6	nfkb
PASWIJ	nfkb.POS.3	nfkb
PATDXC	nfkb.POS.5	nfkb
PALBFW	notch.POS.3	notch
PALWVJ	notch.NEG.2	notch
PALETP	notch.NEG.2	notch
PALIIN	notch.POS.3	notch
PALKUC	notch.POS.10	notch
PALUYS	notch.NEG.2	notch
PALVKK	notch.OUTLIER	notch
PAMBMJ	notch.POS.5	notch
PALZZV	notch.NEG.9	notch
PAMEZH	notch.POS.2	notch
PAMMXF	notch.NEG.4	notch
PAMVRA	notch.POS.1	notch
PANBJH	notch.ZERO	notch
PAMZMG	notch.NEG.7	notch
PANBSP	notch.NEG.7	notch
PANUKV	notch.NEG.9	notch
PANYGR	notch.NEG.8	notch
PAPBGH	notch.NEG.8	notch
PAPKWN	notch.POS.7	notch
PAIVHE	notch.POS.2	notch
PAITEG	notch.POS.6	notch
PAKYZS	notch.NEG.3	notch
PAITCI	notch.POS.2	notch
PAPEFE	notch.POS.1	notch
PAIXIF	notch.POS.8	notch
PALCBW	notch.POS.10	notch
PALTEG	notch.POS.5	notch
PAMYCE	notch.POS.3	notch
PAMZGT	notch.POS.4	notch
PANGXK	notch.OUTLIER	notch
PANJLH	notch.POS.7	notch
PANKFE	notch.POS.9	notch
PANZPV	notch.POS.4	notch
PANZVU	notch.ZERO	notch
PAPBZI	notch.POS.1	notch
PANBMJ	notch.POS.1	notch
PAPHPE	notch.NEG.9	notch
PAIPGU	notch.POS.7	notch
PALEVG	notch.NEG.4	notch
PANRHJ	notch.POS.9	notch
PAPUAR	notch.NEG.2	notch
PAPUEB	notch.NEG.8	notch
PAPUNH	notch.NEG.14	notch
PAPZYP	notch.POS.6	notch
PARACM	notch.POS.3	notch
PANRRW	notch.NEG.9	notch
PANLET	notch.NEG.6	notch
PANRVJ	notch.POS.7	notch
PANSBN	notch.POS.10	notch
PANUIF	notch.POS.6	notch
PANWRR	notch.NEG.8	notch
PAPBJE	notch.POS.4	notch
PAPCTS	notch.NEG.12	notch
PAPKXS	notch.NEG.8	notch
PAPTAN	notch.POS.7	notch
PAPTCR	notch.POS.9	notch
PAPUWY	notch.NEG.6	notch
PAPVFD	notch.NEG.12	notch
PAPVXS	notch.NEG.9	notch
PAPZYZ	notch.OUTLIER	notch
PARACS	notch.NEG.1	notch
PARAMT	notch.NEG.2	notch
PARBGP	notch.NEG.8	notch
PARDIW	notch.NEG.9	notch
PARFWB	notch.NEG.8	notch
PARDCK	notch.NEG.9	notch
PARGKK	notch.NEG.3	notch
PARKGJ	notch.POS.9	notch
PARSBI	notch.POS.4	notch
PAIFXV	notch.POS.7	notch
PARVLK	notch.POS.10	notch
PARYNK	notch.POS.1	notch
PARZIP	notch.NEG.7	notch
PASEGA	notch.NEG.3	notch
PASFGG	notch.NEG.2	notch
PASGUT	notch.NEG.8	notch
PASMJG	notch.POS.8	notch
PASMNT	notch.NEG.10	notch
PASNZU	notch.NEG.3	notch
PASPER	notch.NEG.9	notch
PASRFS	notch.ZERO	notch
PASSRS	notch.NEG.3	notch
PASTCN	notch.NEG.7	notch
PASTKC	notch.POS.6	notch
PASUCB	notch.NEG.1	notch
PASUYG	notch.NEG.9	notch
PASVRU	notch.NEG.9	notch
PASWFB	notch.NEG.7	notch
PASWVY	notch.NEG.10	notch
PASXGP	notch.NEG.9	notch
PASZPI	notch.NEG.2	notch
PATDWN	notch.NEG.12	notch
PATDXG	notch.NEG.4	notch
PATEKG	notch.POS.9	notch
PATEPF	notch.NEG.8	notch
PATESI	notch.NEG.8	notch
PATFCY	notch.POS.5	notch
PATFXV	notch.NEG.5	notch
PATHVK	notch.NEG.2	notch
PATINJ	notch.POS.2	notch
PANXJL	notch.POS.11	notch
PAPLSD	notch.NEG.8	notch
PAPTFZ	notch.POS.4	notch
PAPTLV	notch.POS.3	notch
PAPVRN	notch.POS.2	notch
PAKZRH	notch.NEG.7	notch
PANZRV	notch.NEG.3	notch
PAPICY	notch.POS.3	notch
PAPTDH	notch.POS.8	notch
PARFRE	notch.NEG.8	notch
PARJVP	notch.NEG.7	notch
PARNNC	notch.POS.11	notch
PARZHA	notch.NEG.4	notch
PASCFC	notch.NEG.2	notch
PASCTR	notch.NEG.8	notch
PASJZC	notch.POS.6	notch
PASMDM	notch.NEG.1	notch
PASNML	notch.NEG.11	notch
PASPBZ	notch.NEG.6	notch
PASUML	notch.NEG.3	notch
PASZKE	notch.NEG.8	notch
PATAYJ	notch.POS.2	notch
PATGJU	notch.POS.8	notch
PATHKB	notch.NEG.3	notch
PASGAP	notch.POS.3	notch
PASHFA	notch.NEG.2	notch
PARBAJ	notch.POS.5	notch
PARHAM	notch.POS.2	notch
PASNPG	notch.NEG.2	notch
PASYPX	notch.NEG.2	notch
PATYIL	notch.NEG.7	notch
PAUDDK	notch.POS.11	notch
PALNVP	notch.POS.3	notch
PALXTB	notch.POS.3	notch
PAMNLH	notch.NEG.8	notch
PANNMS	notch.NEG.1	notch
PAPEAV	notch.NEG.1	notch
PAISNS	notch.POS.2	notch
PASNEF	notch.NEG.9	notch
PASSRN	notch.NEG.1	notch
PASWIJ	notch.POS.4	notch
PATDXC	notch.POS.4	notch
PALBFW	p53.POS.3	p53
PALWVJ	p53.POS.9	p53
PALETP	p53.ZERO	p53
PALIIN	p53.NEG.2	p53
PALKUC	p53.POS.10	p53
PALUYS	p53.NEG.2	p53
PALVKK	p53.POS.8	p53
PAMBMJ	p53.NEG.7	p53
PALZZV	p53.NEG.12	p53
PAMEZH	p53.POS.4	p53
PAMMXF	p53.NEG.6	p53
PAMVRA	p53.NEG.3	p53
PANBJH	p53.NEG.8	p53
PAMZMG	p53.NEG.1	p53
PANBSP	p53.NEG.8	p53
PANUKV	p53.NEG.6	p53
PANYGR	p53.NEG.5	p53
PAPBGH	p53.NEG.4	p53
PAPKWN	p53.POS.3	p53
PAIVHE	p53.OUTLIER	p53
PAITEG	p53.OUTLIER	p53
PAKYZS	p53.POS.3	p53
PAITCI	p53.POS.3	p53
PAPEFE	p53.NEG.3	p53
PAIXIF	p53.OUTLIER	p53
PALCBW	p53.POS.8	p53
PALTEG	p53.POS.7	p53
PAMYCE	p53.POS.2	p53
PAMZGT	p53.POS.7	p53
PANGXK	p53.OUTLIER	p53
PANJLH	p53.POS.5	p53
PANKFE	p53.POS.9	p53
PANZPV	p53.NEG.2	p53
PANZVU	p53.NEG.1	p53
PAPBZI	p53.NEG.9	p53
PANBMJ	p53.POS.3	p53
PAPHPE	p53.NEG.6	p53
PAIPGU	p53.POS.5	p53
PALEVG	p53.POS.1	p53
PANRHJ	p53.ZERO	p53
PAPUAR	p53.NEG.6	p53
PAPUEB	p53.NEG.7	p53
PAPUNH	p53.NEG.8	p53
PAPZYP	p53.POS.7	p53
PARACM	p53.POS.6	p53
PANRRW	p53.NEG.5	p53
PANLET	p53.NEG.7	p53
PANRVJ	p53.POS.7	p53
PANSBN	p53.POS.11	p53
PANUIF	p53.POS.7	p53
PANWRR	p53.NEG.10	p53
PAPBJE	p53.POS.10	p53
PAPCTS	p53.NEG.4	p53
PAPKXS	p53.NEG.9	p53
PAPTAN	p53.POS.9	p53
PAPTCR	p53.POS.9	p53
PAPUWY	p53.POS.1	p53
PAPVFD	p53.NEG.11	p53
PAPVXS	p53.POS.5	p53
PAPZYZ	p53.OUTLIER	p53
PARACS	p53.NEG.1	p53
PARAMT	p53.NEG.10	p53
PARBGP	p53.NEG.9	p53
PARDIW	p53.POS.2	p53
PARFWB	p53.NEG.3	p53
PARDCK	p53.NEG.5	p53
PARGKK	p53.NEG.3	p53
PARKGJ	p53.POS.11	p53
PARSBI	p53.POS.7	p53
PAIFXV	p53.POS.6	p53
PARVLK	p53.POS.3	p53
PARYNK	p53.NEG.5	p53
PARZIP	p53.NEG.8	p53
PASEGA	p53.NEG.6	p53
PASFGG	p53.POS.3	p53
PASGUT	p53.NEG.8	p53
PASMJG	p53.POS.8	p53
PASMNT	p53.NEG.6	p53
PASNZU	p53.NEG.9	p53
PASPER	p53.NEG.8	p53
PASRFS	p53.NEG.6	p53
PASSRS	p53.NEG.11	p53
PASTCN	p53.NEG.6	p53
PASTKC	p53.POS.5	p53
PASUCB	p53.NEG.7	p53
PASUYG	p53.NEG.7	p53
PASVRU	p53.NEG.5	p53
PASWFB	p53.NEG.9	p53
PASWVY	p53.NEG.3	p53
PASXGP	p53.NEG.9	p53
PASZPI	p53.POS.4	p53
PATDWN	p53.NEG.9	p53
PATDXG	p53.NEG.2	p53
PATEKG	p53.POS.10	p53
PATEPF	p53.NEG.6	p53
PATESI	p53.NEG.5	p53
PATFCY	p53.NEG.3	p53
PATFXV	p53.NEG.7	p53
PATHVK	p53.POS.1	p53
PATINJ	p53.NEG.2	p53
PANXJL	p53.OUTLIER	p53
PAPLSD	p53.POS.6	p53
PAPTFZ	p53.NEG.10	p53
PAPTLV	p53.POS.3	p53
PAPVRN	p53.POS.3	p53
PAKZRH	p53.POS.3	p53
PANZRV	p53.NEG.7	p53
PAPICY	p53.NEG.1	p53
PAPTDH	p53.POS.10	p53
PARFRE	p53.NEG.6	p53
PARJVP	p53.NEG.12	p53
PARNNC	p53.NEG.2	p53
PARZHA	p53.NEG.9	p53
PASCFC	p53.NEG.10	p53
PASCTR	p53.NEG.5	p53
PASJZC	p53.NEG.2	p53
PASMDM	p53.NEG.2	p53
PASNML	p53.NEG.11	p53
PASPBZ	p53.NEG.10	p53
PASUML	p53.NEG.8	p53
PASZKE	p53.NEG.3	p53
PATAYJ	p53.NEG.7	p53
PATGJU	p53.NEG.4	p53
PATHKB	p53.NEG.11	p53
PASGAP	p53.POS.6	p53
PASHFA	p53.POS.2	p53
PARBAJ	p53.NEG.5	p53
PARHAM	p53.NEG.5	p53
PASNPG	p53.NEG.4	p53
PASYPX	p53.POS.1	p53
PATYIL	p53.NEG.7	p53
PAUDDK	p53.POS.9	p53
PALNVP	p53.NEG.3	p53
PALXTB	p53.POS.5	p53
PAMNLH	p53.NEG.2	p53
PANNMS	p53.NEG.3	p53
PAPEAV	p53.POS.3	p53
PAISNS	p53.POS.6	p53
PASNEF	p53.NEG.8	p53
PASSRN	p53.NEG.1	p53
PASWIJ	p53.NEG.1	p53
PATDXC	p53.POS.5	p53
PALBFW	pi3k.POS.2	pi3k
PALWVJ	pi3k.POS.6	pi3k
PALETP	pi3k.POS.1	pi3k
PALIIN	pi3k.POS.7	pi3k
PALKUC	pi3k.NEG.2	pi3k
PALUYS	pi3k.POS.4	pi3k
PALVKK	pi3k.POS.3	pi3k
PAMBMJ	pi3k.NEG.2	pi3k
PALZZV	pi3k.NEG.3	pi3k
PAMEZH	pi3k.NEG.1	pi3k
PAMMXF	pi3k.NEG.10	pi3k
PAMVRA	pi3k.POS.4	pi3k
PANBJH	pi3k.POS.1	pi3k
PAMZMG	pi3k.NEG.9	pi3k
PANBSP	pi3k.NEG.6	pi3k
PANUKV	pi3k.NEG.5	pi3k
PANYGR	pi3k.POS.7	pi3k
PAPBGH	pi3k.NEG.9	pi3k
PAPKWN	pi3k.POS.3	pi3k
PAIVHE	pi3k.POS.6	pi3k
PAITEG	pi3k.POS.6	pi3k
PAKYZS	pi3k.NEG.4	pi3k
PAITCI	pi3k.POS.3	pi3k
PAPEFE	pi3k.NEG.2	pi3k
PAIXIF	pi3k.POS.5	pi3k
PALCBW	pi3k.POS.8	pi3k
PALTEG	pi3k.POS.2	pi3k
PAMYCE	pi3k.POS.3	pi3k
PAMZGT	pi3k.NEG.8	pi3k
PANGXK	pi3k.POS.2	pi3k
PANJLH	pi3k.NEG.5	pi3k
PANKFE	pi3k.POS.1	pi3k
PANZPV	pi3k.NEG.5	pi3k
PANZVU	pi3k.OUTLIER	pi3k
PAPBZI	pi3k.NEG.4	pi3k
PANBMJ	pi3k.NEG.3	pi3k
PAPHPE	pi3k.POS.3	pi3k
PAIPGU	pi3k.POS.4	pi3k
PALEVG	pi3k.NEG.5	pi3k
PANRHJ	pi3k.NEG.1	pi3k
PAPUAR	pi3k.POS.5	pi3k
PAPUEB	pi3k.POS.7	pi3k
PAPUNH	pi3k.NEG.7	pi3k
PAPZYP	pi3k.NEG.4	pi3k
PARACM	pi3k.ZERO	pi3k
PANRRW	pi3k.NEG.5	pi3k
PANLET	pi3k.POS.2	pi3k
PANRVJ	pi3k.NEG.4	pi3k
PANSBN	pi3k.POS.3	pi3k
PANUIF	pi3k.NEG.4	pi3k
PANWRR	pi3k.NEG.9	pi3k
PAPBJE	pi3k.NEG.2	pi3k
PAPCTS	pi3k.NEG.10	pi3k
PAPKXS	pi3k.ZERO	pi3k
PAPTAN	pi3k.POS.3	pi3k
PAPTCR	pi3k.ZERO	pi3k
PAPUWY	pi3k.POS.5	pi3k
PAPVFD	pi3k.POS.1	pi3k
PAPVXS	pi3k.POS.7	pi3k
PAPZYZ	pi3k.POS.3	pi3k
PARACS	pi3k.POS.6	pi3k
PARAMT	pi3k.POS.3	pi3k
PARBGP	pi3k.POS.7	pi3k
PARDIW	pi3k.POS.4	pi3k
PARFWB	pi3k.POS.6	pi3k
PARDCK	pi3k.POS.2	pi3k
PARGKK	pi3k.NEG.3	pi3k
PARKGJ	pi3k.POS.8	pi3k
PARSBI	pi3k.POS.1	pi3k
PAIFXV	pi3k.NEG.8	pi3k
PARVLK	pi3k.POS.1	pi3k
PARYNK	pi3k.POS.4	pi3k
PARZIP	pi3k.NEG.2	pi3k
PASEGA	pi3k.NEG.4	pi3k
PASFGG	pi3k.POS.5	pi3k
PASGUT	pi3k.NEG.2	pi3k
PASMJG	pi3k.POS.4	pi3k
PASMNT	pi3k.POS.2	pi3k
PASNZU	pi3k.NEG.10	pi3k
PASPER	pi3k.NEG.1	pi3k
PASRFS	pi3k.POS.3	pi3k
PASSRS	pi3k.NEG.2	pi3k
PASTCN	pi3k.NEG.5	pi3k
PASTKC	pi3k.NEG.3	pi3k
PASUCB	pi3k.NEG.7	pi3k
PASUYG	pi3k.NEG.10	pi3k
PASVRU	pi3k.NEG.11	pi3k
PASWFB	pi3k.NEG.8	pi3k
PASWVY	pi3k.POS.5	pi3k
PASXGP	pi3k.NEG.2	pi3k
PASZPI	pi3k.NEG.3	pi3k
PATDWN	pi3k.NEG.13	pi3k
PATDXG	pi3k.NEG.3	pi3k
PATEKG	pi3k.POS.3	pi3k
PATEPF	pi3k.NEG.3	pi3k
PATESI	pi3k.NEG.8	pi3k
PATFCY	pi3k.NEG.2	pi3k
PATFXV	pi3k.NEG.11	pi3k
PATHVK	pi3k.POS.1	pi3k
PATINJ	pi3k.POS.4	pi3k
PANXJL	pi3k.POS.3	pi3k
PAPLSD	pi3k.NEG.7	pi3k
PAPTFZ	pi3k.NEG.9	pi3k
PAPTLV	pi3k.NEG.9	pi3k
PAPVRN	pi3k.POS.1	pi3k
PAKZRH	pi3k.NEG.3	pi3k
PANZRV	pi3k.ZERO	pi3k
PAPICY	pi3k.POS.2	pi3k
PAPTDH	pi3k.POS.1	pi3k
PARFRE	pi3k.NEG.8	pi3k
PARJVP	pi3k.NEG.3	pi3k
PARNNC	pi3k.POS.6	pi3k
PARZHA	pi3k.POS.4	pi3k
PASCFC	pi3k.NEG.5	pi3k
PASCTR	pi3k.NEG.3	pi3k
PASJZC	pi3k.NEG.1	pi3k
PASMDM	pi3k.NEG.9	pi3k
PASNML	pi3k.POS.3	pi3k
PASPBZ	pi3k.NEG.2	pi3k
PASUML	pi3k.NEG.3	pi3k
PASZKE	pi3k.NEG.6	pi3k
PATAYJ	pi3k.POS.4	pi3k
PATGJU	pi3k.NEG.4	pi3k
PATHKB	pi3k.POS.1	pi3k
PASGAP	pi3k.NEG.2	pi3k
PASHFA	pi3k.NEG.7	pi3k
PARBAJ	pi3k.NEG.5	pi3k
PARHAM	pi3k.NEG.2	pi3k
PASNPG	pi3k.NEG.2	pi3k
PASYPX	pi3k.OUTLIER	pi3k
PATYIL	pi3k.POS.7	pi3k
PAUDDK	pi3k.POS.7	pi3k
PALNVP	pi3k.POS.6	pi3k
PALXTB	pi3k.POS.3	pi3k
PAMNLH	pi3k.POS.7	pi3k
PANNMS	pi3k.OUTLIER	pi3k
PAPEAV	pi3k.POS.7	pi3k
PAISNS	pi3k.POS.7	pi3k
PASNEF	pi3k.NEG.1	pi3k
PASSRN	pi3k.NEG.12	pi3k
PASWIJ	pi3k.NEG.3	pi3k
PATDXC	pi3k.POS.6	pi3k
PALBFW	tgfb.POS.11	tgfb
PALWVJ	tgfb.POS.7	tgfb
PALETP	tgfb.NEG.8	tgfb
PALIIN	tgfb.NEG.1	tgfb
PALKUC	tgfb.POS.9	tgfb
PALUYS	tgfb.NEG.11	tgfb
PALVKK	tgfb.OUTLIER	tgfb
PAMBMJ	tgfb.POS.8	tgfb
PALZZV	tgfb.NEG.1	tgfb
PAMEZH	tgfb.NEG.5	tgfb
PAMMXF	tgfb.NEG.10	tgfb
PAMVRA	tgfb.NEG.7	tgfb
PANBJH	tgfb.NEG.9	tgfb
PAMZMG	tgfb.NEG.11	tgfb
PANBSP	tgfb.NEG.11	tgfb
PANUKV	tgfb.NEG.12	tgfb
PANYGR	tgfb.NEG.7	tgfb
PAPBGH	tgfb.POS.7	tgfb
PAPKWN	tgfb.POS.12	tgfb
PAIVHE	tgfb.POS.13	tgfb
PAITEG	tgfb.POS.12	tgfb
PAKYZS	tgfb.POS.7	tgfb
PAITCI	tgfb.POS.1	tgfb
PAPEFE	tgfb.POS.3	tgfb
PAIXIF	tgfb.POS.12	tgfb
PALCBW	tgfb.POS.11	tgfb
PALTEG	tgfb.NEG.2	tgfb
PAMYCE	tgfb.POS.5	tgfb
PAMZGT	tgfb.POS.7	tgfb
PANGXK	tgfb.POS.12	tgfb
PANJLH	tgfb.POS.12	tgfb
PANKFE	tgfb.POS.11	tgfb
PANZPV	tgfb.POS.1	tgfb
PANZVU	tgfb.POS.7	tgfb
PAPBZI	tgfb.NEG.7	tgfb
PANBMJ	tgfb.NEG.3	tgfb
PAPHPE	tgfb.NEG.8	tgfb
PAIPGU	tgfb.NEG.1	tgfb
PALEVG	tgfb.NEG.9	tgfb
PANRHJ	tgfb.NEG.3	tgfb
PAPUAR	tgfb.NEG.6	tgfb
PAPUEB	tgfb.NEG.6	tgfb
PAPUNH	tgfb.NEG.12	tgfb
PAPZYP	tgfb.POS.10	tgfb
PARACM	tgfb.POS.6	tgfb
PANRRW	tgfb.NEG.3	tgfb
PANLET	tgfb.NEG.11	tgfb
PANRVJ	tgfb.POS.11	tgfb
PANSBN	tgfb.POS.14	tgfb
PANUIF	tgfb.POS.2	tgfb
PANWRR	tgfb.NEG.9	tgfb
PAPBJE	tgfb.OUTLIER	tgfb
PAPCTS	tgfb.NEG.9	tgfb
PAPKXS	tgfb.NEG.12	tgfb
PAPTAN	tgfb.OUTLIER	tgfb
PAPTCR	tgfb.POS.14	tgfb
PAPUWY	tgfb.NEG.6	tgfb
PAPVFD	tgfb.NEG.9	tgfb
PAPVXS	tgfb.POS.4	tgfb
PAPZYZ	tgfb.OUTLIER	tgfb
PARACS	tgfb.POS.4	tgfb
PARAMT	tgfb.NEG.11	tgfb
PARBGP	tgfb.NEG.6	tgfb
PARDIW	tgfb.NEG.7	tgfb
PARFWB	tgfb.NEG.11	tgfb
PARDCK	tgfb.NEG.6	tgfb
PARGKK	tgfb.NEG.3	tgfb
PARKGJ	tgfb.OUTLIER	tgfb
PARSBI	tgfb.POS.3	tgfb
PAIFXV	tgfb.POS.5	tgfb
PARVLK	tgfb.NEG.3	tgfb
PARYNK	tgfb.NEG.7	tgfb
PARZIP	tgfb.NEG.9	tgfb
PASEGA	tgfb.NEG.1	tgfb
PASFGG	tgfb.NEG.5	tgfb
PASGUT	tgfb.NEG.9	tgfb
PASMJG	tgfb.POS.12	tgfb
PASMNT	tgfb.NEG.6	tgfb
PASNZU	tgfb.NEG.6	tgfb
PASPER	tgfb.NEG.8	tgfb
PASRFS	tgfb.NEG.8	tgfb
PASSRS	tgfb.NEG.1	tgfb
PASTCN	tgfb.NEG.6	tgfb
PASTKC	tgfb.POS.6	tgfb
PASUCB	tgfb.NEG.1	tgfb
PASUYG	tgfb.NEG.10	tgfb
PASVRU	tgfb.NEG.15	tgfb
PASWFB	tgfb.NEG.6	tgfb
PASWVY	tgfb.NEG.14	tgfb
PASXGP	tgfb.NEG.13	tgfb
PASZPI	tgfb.NEG.5	tgfb
PATDWN	tgfb.NEG.6	tgfb
PATDXG	tgfb.NEG.8	tgfb
PATEKG	tgfb.POS.6	tgfb
PATEPF	tgfb.NEG.12	tgfb
PATESI	tgfb.NEG.9	tgfb
PATFCY	tgfb.NEG.5	tgfb
PATFXV	tgfb.NEG.5	tgfb
PATHVK	tgfb.NEG.9	tgfb
PATINJ	tgfb.NEG.12	tgfb
PANXJL	tgfb.POS.13	tgfb
PAPLSD	tgfb.NEG.9	tgfb
PAPTFZ	tgfb.NEG.8	tgfb
PAPTLV	tgfb.POS.1	tgfb
PAPVRN	tgfb.NEG.5	tgfb
PAKZRH	tgfb.NEG.4	tgfb
PANZRV	tgfb.POS.2	tgfb
PAPICY	tgfb.NEG.6	tgfb
PAPTDH	tgfb.OUTLIER	tgfb
PARFRE	tgfb.POS.2	tgfb
PARJVP	tgfb.NEG.4	tgfb
PARNNC	tgfb.POS.9	tgfb
PARZHA	tgfb.NEG.11	tgfb
PASCFC	tgfb.NEG.11	tgfb
PASCTR	tgfb.POS.4	tgfb
PASJZC	tgfb.POS.6	tgfb
PASMDM	tgfb.POS.3	tgfb
PASNML	tgfb.NEG.3	tgfb
PASPBZ	tgfb.NEG.3	tgfb
PASUML	tgfb.NEG.1	tgfb
PASZKE	tgfb.NEG.5	tgfb
PATAYJ	tgfb.NEG.3	tgfb
PATGJU	tgfb.POS.7	tgfb
PATHKB	tgfb.NEG.5	tgfb
PASGAP	tgfb.POS.1	tgfb
PASHFA	tgfb.NEG.10	tgfb
PARBAJ	tgfb.POS.12	tgfb
PARHAM	tgfb.NEG.9	tgfb
PASNPG	tgfb.NEG.8	tgfb
PASYPX	tgfb.ZERO	tgfb
PATYIL	tgfb.NEG.3	tgfb
PAUDDK	tgfb.POS.11	tgfb
PALNVP	tgfb.POS.2	tgfb
PALXTB	tgfb.NEG.1	tgfb
PAMNLH	tgfb.NEG.9	tgfb
PANNMS	tgfb.NEG.1	tgfb
PAPEAV	tgfb.NEG.11	tgfb
PAISNS	tgfb.POS.2	tgfb
PASNEF	tgfb.NEG.15	tgfb
PASSRN	tgfb.POS.6	tgfb
PASWIJ	tgfb.POS.5	tgfb
PATDXC	tgfb.POS.2	tgfb
PALBFW	wnt.POS.5	wnt
PALWVJ	wnt.NEG.5	wnt
PALETP	wnt.NEG.9	wnt
PALIIN	wnt.POS.2	wnt
PALKUC	wnt.POS.9	wnt
PALUYS	wnt.POS.9	wnt
PALVKK	wnt.POS.5	wnt
PAMBMJ	wnt.POS.10	wnt
PALZZV	wnt.NEG.5	wnt
PAMEZH	wnt.POS.4	wnt
PAMMXF	wnt.NEG.2	wnt
PAMVRA	wnt.NEG.8	wnt
PANBJH	wnt.NEG.7	wnt
PAMZMG	wnt.NEG.7	wnt
PANBSP	wnt.NEG.3	wnt
PANUKV	wnt.NEG.6	wnt
PANYGR	wnt.NEG.2	wnt
PAPBGH	wnt.POS.9	wnt
PAPKWN	wnt.POS.8	wnt
PAIVHE	wnt.POS.9	wnt
PAITEG	wnt.POS.4	wnt
PAKYZS	wnt.NEG.2	wnt
PAITCI	wnt.NEG.1	wnt
PAPEFE	wnt.POS.2	wnt
PAIXIF	wnt.POS.7	wnt
PALCBW	wnt.POS.7	wnt
PALTEG	wnt.NEG.2	wnt
PAMYCE	wnt.POS.6	wnt
PAMZGT	wnt.POS.6	wnt
PANGXK	wnt.POS.8	wnt
PANJLH	wnt.OUTLIER	wnt
PANKFE	wnt.POS.9	wnt
PANZPV	wnt.POS.5	wnt
PANZVU	wnt.NEG.3	wnt
PAPBZI	wnt.POS.4	wnt
PANBMJ	wnt.NEG.6	wnt
PAPHPE	wnt.NEG.11	wnt
PAIPGU	wnt.POS.5	wnt
PALEVG	wnt.POS.7	wnt
PANRHJ	wnt.POS.4	wnt
PAPUAR	wnt.NEG.5	wnt
PAPUEB	wnt.NEG.4	wnt
PAPUNH	wnt.NEG.5	wnt
PAPZYP	wnt.POS.2	wnt
PARACM	wnt.POS.5	wnt
PANRRW	wnt.NEG.3	wnt
PANLET	wnt.NEG.11	wnt
PANRVJ	wnt.OUTLIER	wnt
PANSBN	wnt.POS.8	wnt
PANUIF	wnt.ZERO	wnt
PANWRR	wnt.NEG.2	wnt
PAPBJE	wnt.OUTLIER	wnt
PAPCTS	wnt.NEG.5	wnt
PAPKXS	wnt.NEG.3	wnt
PAPTAN	wnt.POS.7	wnt
PAPTCR	wnt.POS.5	wnt
PAPUWY	wnt.NEG.6	wnt
PAPVFD	wnt.NEG.6	wnt
PAPVXS	wnt.NEG.11	wnt
PAPZYZ	wnt.OUTLIER	wnt
PARACS	wnt.POS.9	wnt
PARAMT	wnt.NEG.6	wnt
PARBGP	wnt.NEG.4	wnt
PARDIW	wnt.NEG.2	wnt
PARFWB	wnt.NEG.3	wnt
PARDCK	wnt.NEG.7	wnt
PARGKK	wnt.NEG.7	wnt
PARKGJ	wnt.POS.5	wnt
PARSBI	wnt.ZERO	wnt
PAIFXV	wnt.NEG.3	wnt
PARVLK	wnt.NEG.3	wnt
PARYNK	wnt.NEG.3	wnt
PARZIP	wnt.POS.2	wnt
PASEGA	wnt.NEG.1	wnt
PASFGG	wnt.NEG.4	wnt
PASGUT	wnt.NEG.6	wnt
PASMJG	wnt.POS.4	wnt
PASMNT	wnt.NEG.5	wnt
PASNZU	wnt.POS.3	wnt
PASPER	wnt.NEG.8	wnt
PASRFS	wnt.NEG.1	wnt
PASSRS	wnt.POS.7	wnt
PASTCN	wnt.POS.5	wnt
PASTKC	wnt.POS.1	wnt
PASUCB	wnt.ZERO	wnt
PASUYG	wnt.NEG.7	wnt
PASVRU	wnt.NEG.8	wnt
PASWFB	wnt.NEG.5	wnt
PASWVY	wnt.NEG.5	wnt
PASXGP	wnt.NEG.4	wnt
PASZPI	wnt.POS.2	wnt
PATDWN	wnt.NEG.3	wnt
PATDXG	wnt.NEG.3	wnt
PATEKG	wnt.POS.4	wnt
PATEPF	wnt.NEG.7	wnt
PATESI	wnt.NEG.9	wnt
PATFCY	wnt.POS.7	wnt
PATFXV	wnt.NEG.5	wnt
PATHVK	wnt.POS.1	wnt
PATINJ	wnt.NEG.5	wnt
PANXJL	wnt.POS.4	wnt
PAPLSD	wnt.NEG.9	wnt
PAPTFZ	wnt.NEG.1	wnt
PAPTLV	wnt.POS.5	wnt
PAPVRN	wnt.NEG.6	wnt
PAKZRH	wnt.NEG.9	wnt
PANZRV	wnt.POS.3	wnt
PAPICY	wnt.NEG.5	wnt
PAPTDH	wnt.OUTLIER	wnt
PARFRE	wnt.POS.4	wnt
PARJVP	wnt.NEG.3	wnt
PARNNC	wnt.POS.6	wnt
PARZHA	wnt.NEG.4	wnt
PASCFC	wnt.POS.1	wnt
PASCTR	wnt.NEG.12	wnt
PASJZC	wnt.POS.6	wnt
PASMDM	wnt.NEG.1	wnt
PASNML	wnt.NEG.9	wnt
PASPBZ	wnt.NEG.2	wnt
PASUML	wnt.NEG.2	wnt
PASZKE	wnt.NEG.6	wnt
PATAYJ	wnt.NEG.1	wnt
PATGJU	wnt.POS.1	wnt
PATHKB	wnt.NEG.3	wnt
PASGAP	wnt.NEG.7	wnt
PASHFA	wnt.NEG.8	wnt
PARBAJ	wnt.POS.4	wnt
PARHAM	wnt.NEG.7	wnt
PASNPG	wnt.NEG.9	wnt
PASYPX	wnt.NEG.5	wnt
PATYIL	wnt.NEG.6	wnt
PAUDDK	wnt.POS.1	wnt
PALNVP	wnt.NEG.6	wnt
PALXTB	wnt.NEG.9	wnt
PAMNLH	wnt.NEG.6	wnt
PANNMS	wnt.NEG.7	wnt
PAPEAV	wnt.NEG.10	wnt
PAISNS	wnt.ZERO	wnt
PASNEF	wnt.NEG.10	wnt
PASSRN	wnt.POS.5	wnt
PASWIJ	wnt.POS.8	wnt
PATDXC	wnt.POS.2	wnt
PALBFW	raf1.NEG.3	raf1
PALWVJ	raf1.NEG.2	raf1
PALETP	raf1.NEG.6	raf1
PALIIN	raf1.NEG.9	raf1
PALKUC	raf1.POS.4	raf1
PALUYS	raf1.NEG.8	raf1
PALVKK	raf1.POS.12	raf1
PAMBMJ	raf1.NEG.6	raf1
PALZZV	raf1.NEG.10	raf1
PAMEZH	raf1.NEG.2	raf1
PAMMXF	raf1.NEG.7	raf1
PAMVRA	raf1.NEG.4	raf1
PANBJH	raf1.NEG.10	raf1
PAMZMG	raf1.NEG.8	raf1
PANBSP	raf1.NEG.6	raf1
PANUKV	raf1.NEG.10	raf1
PANYGR	raf1.NEG.8	raf1
PAPBGH	raf1.NEG.7	raf1
PAPKWN	raf1.POS.5	raf1
PAIVHE	raf1.POS.3	raf1
PAITEG	raf1.OUTLIER	raf1
PAKYZS	raf1.POS.10	raf1
PAITCI	raf1.NEG.5	raf1
PAPEFE	raf1.NEG.5	raf1
PAIXIF	raf1.POS.11	raf1
PALCBW	raf1.OUTLIER	raf1
PALTEG	raf1.POS.3	raf1
PAMYCE	raf1.POS.2	raf1
PAMZGT	raf1.POS.4	raf1
PANGXK	raf1.POS.11	raf1
PANJLH	raf1.POS.8	raf1
PANKFE	raf1.POS.12	raf1
PANZPV	raf1.NEG.2	raf1
PANZVU	raf1.POS.6	raf1
PAPBZI	raf1.NEG.5	raf1
PANBMJ	raf1.POS.4	raf1
PAPHPE	raf1.NEG.5	raf1
PAIPGU	raf1.NEG.3	raf1
PALEVG	raf1.NEG.9	raf1
PANRHJ	raf1.NEG.3	raf1
PAPUAR	raf1.NEG.3	raf1
PAPUEB	raf1.NEG.5	raf1
PAPUNH	raf1.NEG.9	raf1
PAPZYP	raf1.POS.6	raf1
PARACM	raf1.POS.7	raf1
PANRRW	raf1.POS.2	raf1
PANLET	raf1.NEG.5	raf1
PANRVJ	raf1.POS.5	raf1
PANSBN	raf1.POS.11	raf1
PANUIF	raf1.NEG.3	raf1
PANWRR	raf1.NEG.4	raf1
PAPBJE	raf1.POS.6	raf1
PAPCTS	raf1.NEG.9	raf1
PAPKXS	raf1.NEG.12	raf1
PAPTAN	raf1.POS.12	raf1
PAPTCR	raf1.POS.12	raf1
PAPUWY	raf1.POS.5	raf1
PAPVFD	raf1.NEG.6	raf1
PAPVXS	raf1.ZERO	raf1
PAPZYZ	raf1.POS.10	raf1
PARACS	raf1.NEG.5	raf1
PARAMT	raf1.NEG.8	raf1
PARBGP	raf1.NEG.2	raf1
PARDIW	raf1.NEG.6	raf1
PARFWB	raf1.NEG.10	raf1
PARDCK	raf1.NEG.3	raf1
PARGKK	raf1.POS.3	raf1
PARKGJ	raf1.POS.8	raf1
PARSBI	raf1.POS.6	raf1
PAIFXV	raf1.POS.9	raf1
PARVLK	raf1.NEG.2	raf1
PARYNK	raf1.NEG.8	raf1
PARZIP	raf1.NEG.5	raf1
PASEGA	raf1.POS.2	raf1
PASFGG	raf1.NEG.1	raf1
PASGUT	raf1.NEG.10	raf1
PASMJG	raf1.POS.12	raf1
PASMNT	raf1.NEG.11	raf1
PASNZU	raf1.NEG.8	raf1
PASPER	raf1.NEG.3	raf1
PASRFS	raf1.NEG.6	raf1
PASSRS	raf1.NEG.7	raf1
PASTCN	raf1.NEG.8	raf1
PASTKC	raf1.POS.7	raf1
PASUCB	raf1.NEG.6	raf1
PASUYG	raf1.NEG.7	raf1
PASVRU	raf1.NEG.8	raf1
PASWFB	raf1.NEG.5	raf1
PASWVY	raf1.NEG.6	raf1
PASXGP	raf1.NEG.12	raf1
PASZPI	raf1.NEG.1	raf1
PATDWN	raf1.NEG.11	raf1
PATDXG	raf1.NEG.6	raf1
PATEKG	raf1.POS.11	raf1
PATEPF	raf1.NEG.12	raf1
PATESI	raf1.NEG.8	raf1
PATFCY	raf1.NEG.6	raf1
PATFXV	raf1.NEG.6	raf1
PATHVK	raf1.NEG.5	raf1
PATINJ	raf1.NEG.9	raf1
PANXJL	raf1.POS.12	raf1
PAPLSD	raf1.NEG.4	raf1
PAPTFZ	raf1.NEG.8	raf1
PAPTLV	raf1.POS.3	raf1
PAPVRN	raf1.POS.11	raf1
PAKZRH	raf1.POS.3	raf1
PANZRV	raf1.NEG.2	raf1
PAPICY	raf1.POS.4	raf1
PAPTDH	raf1.POS.8	raf1
PARFRE	raf1.NEG.6	raf1
PARJVP	raf1.NEG.4	raf1
PARNNC	raf1.POS.8	raf1
PARZHA	raf1.NEG.7	raf1
PASCFC	raf1.NEG.5	raf1
PASCTR	raf1.POS.7	raf1
PASJZC	raf1.POS.2	raf1
PASMDM	raf1.POS.10	raf1
PASNML	raf1.NEG.6	raf1
PASPBZ	raf1.NEG.3	raf1
PASUML	raf1.NEG.1	raf1
PASZKE	raf1.NEG.8	raf1
PATAYJ	raf1.POS.2	raf1
PATGJU	raf1.POS.11	raf1
PATHKB	raf1.NEG.5	raf1
PASGAP	raf1.OUTLIER	raf1
PASHFA	raf1.NEG.1	raf1
PARBAJ	raf1.POS.5	raf1
PARHAM	raf1.POS.5	raf1
PASNPG	raf1.POS.4	raf1
PASYPX	raf1.POS.1	raf1
PATYIL	raf1.NEG.2	raf1
PAUDDK	raf1.POS.12	raf1
PALNVP	raf1.POS.6	raf1
PALXTB	raf1.POS.7	raf1
PAMNLH	raf1.NEG.9	raf1
PANNMS	raf1.POS.2	raf1
PAPEAV	raf1.NEG.1	raf1
PAISNS	raf1.POS.1	raf1
PASNEF	raf1.NEG.9	raf1
PASSRN	raf1.NEG.1	raf1
PASWIJ	raf1.POS.3	raf1
PATDXC	raf1.POS.1	raf1
PALBFW	alk.POS.3	alk
PALWVJ	alk.POS.9	alk
PALETP	alk.NEG.1	alk
PALIIN	alk.NEG.10	alk
PALKUC	alk.POS.4	alk
PALUYS	alk.NEG.7	alk
PALVKK	alk.POS.3	alk
PAMBMJ	alk.NEG.5	alk
PALZZV	alk.NEG.6	alk
PAMEZH	alk.NEG.5	alk
PAMMXF	alk.NEG.6	alk
PAMVRA	alk.POS.10	alk
PANBJH	alk.NEG.2	alk
PAMZMG	alk.NEG.7	alk
PANBSP	alk.NEG.8	alk
PANUKV	alk.NEG.3	alk
PANYGR	alk.ZERO	alk
PAPBGH	alk.NEG.4	alk
PAPKWN	alk.POS.4	alk
PAIVHE	alk.POS.6	alk
PAITEG	alk.OUTLIER	alk
PAKYZS	alk.POS.3	alk
PAITCI	alk.NEG.2	alk
PAPEFE	alk.NEG.2	alk
PAIXIF	alk.POS.4	alk
PALCBW	alk.POS.9	alk
PALTEG	alk.NEG.4	alk
PAMYCE	alk.NEG.6	alk
PAMZGT	alk.POS.7	alk
PANGXK	alk.POS.5	alk
PANJLH	alk.NEG.3	alk
PANKFE	alk.POS.2	alk
PANZPV	alk.NEG.2	alk
PANZVU	alk.POS.6	alk
PAPBZI	alk.NEG.7	alk
PANBMJ	alk.NEG.8	alk
PAPHPE	alk.POS.3	alk
PAIPGU	alk.NEG.7	alk
PALEVG	alk.NEG.3	alk
PANRHJ	alk.NEG.2	alk
PAPUAR	alk.POS.1	alk
PAPUEB	alk.NEG.9	alk
PAPUNH	alk.NEG.3	alk
PAPZYP	alk.POS.2	alk
PARACM	alk.NEG.4	alk
PANRRW	alk.ZERO	alk
PANLET	alk.NEG.9	alk
PANRVJ	alk.POS.5	alk
PANSBN	alk.POS.6	alk
PANUIF	alk.NEG.6	alk
PANWRR	alk.NEG.15	alk
PAPBJE	alk.POS.4	alk
PAPCTS	alk.NEG.3	alk
PAPKXS	alk.NEG.6	alk
PAPTAN	alk.POS.9	alk
PAPTCR	alk.POS.3	alk
PAPUWY	alk.NEG.1	alk
PAPVFD	alk.NEG.5	alk
PAPVXS	alk.POS.7	alk
PAPZYZ	alk.POS.7	alk
PARACS	alk.POS.8	alk
PARAMT	alk.NEG.14	alk
PARBGP	alk.NEG.5	alk
PARDIW	alk.NEG.13	alk
PARFWB	alk.NEG.5	alk
PARDCK	alk.POS.4	alk
PARGKK	alk.POS.1	alk
PARKGJ	alk.OUTLIER	alk
PARSBI	alk.NEG.5	alk
PAIFXV	alk.POS.8	alk
PARVLK	alk.POS.2	alk
PARYNK	alk.NEG.3	alk
PARZIP	alk.NEG.12	alk
PASEGA	alk.NEG.12	alk
PASFGG	alk.NEG.4	alk
PASGUT	alk.POS.1	alk
PASMJG	alk.OUTLIER	alk
PASMNT	alk.POS.3	alk
PASNZU	alk.NEG.9	alk
PASPER	alk.NEG.12	alk
PASRFS	alk.NEG.7	alk
PASSRS	alk.NEG.12	alk
PASTCN	alk.NEG.9	alk
PASTKC	alk.POS.3	alk
PASUCB	alk.NEG.8	alk
PASUYG	alk.NEG.11	alk
PASVRU	alk.NEG.7	alk
PASWFB	alk.NEG.9	alk
PASWVY	alk.NEG.8	alk
PASXGP	alk.NEG.5	alk
PASZPI	alk.NEG.5	alk
PATDWN	alk.NEG.8	alk
PATDXG	alk.POS.3	alk
PATEKG	alk.POS.2	alk
PATEPF	alk.POS.2	alk
PATESI	alk.POS.4	alk
PATFCY	alk.NEG.4	alk
PATFXV	alk.NEG.8	alk
PATHVK	alk.NEG.11	alk
PATINJ	alk.NEG.4	alk
PANXJL	alk.POS.9	alk
PAPLSD	alk.NEG.6	alk
PAPTFZ	alk.NEG.7	alk
PAPTLV	alk.NEG.8	alk
PAPVRN	alk.POS.3	alk
PAKZRH	alk.POS.3	alk
PANZRV	alk.NEG.3	alk
PAPICY	alk.POS.7	alk
PAPTDH	alk.POS.4	alk
PARFRE	alk.NEG.7	alk
PARJVP	alk.NEG.4	alk
PARNNC	alk.NEG.4	alk
PARZHA	alk.NEG.8	alk
PASCFC	alk.NEG.8	alk
PASCTR	alk.NEG.2	alk
PASJZC	alk.NEG.5	alk
PASMDM	alk.NEG.10	alk
PASNML	alk.NEG.2	alk
PASPBZ	alk.POS.6	alk
PASUML	alk.POS.5	alk
PASZKE	alk.NEG.5	alk
PATAYJ	alk.ZERO	alk
PATGJU	alk.NEG.2	alk
PATHKB	alk.POS.1	alk
PASGAP	alk.OUTLIER	alk
PASHFA	alk.POS.1	alk
PARBAJ	alk.POS.2	alk
PARHAM	alk.NEG.2	alk
PASNPG	alk.POS.4	alk
PASYPX	alk.OUTLIER	alk
PATYIL	alk.POS.6	alk
PAUDDK	alk.OUTLIER	alk
PALNVP	alk.OUTLIER	alk
PALXTB	alk.POS.7	alk
PAMNLH	alk.POS.3	alk
PANNMS	alk.POS.9	alk
PAPEAV	alk.POS.4	alk
PAISNS	alk.OUTLIER	alk
PASNEF	alk.NEG.8	alk
PASSRN	alk.NEG.9	alk
PASWIJ	alk.NEG.6	alk
PATDXC	alk.NEG.3	alk
PALBFW	akt.POS.7	akt
PALWVJ	akt.POS.4	akt
PALETP	akt.POS.3	akt
PALIIN	akt.NEG.3	akt
PALKUC	akt.POS.9	akt
PALUYS	akt.POS.1	akt
PALVKK	akt.POS.9	akt
PAMBMJ	akt.NEG.8	akt
PALZZV	akt.NEG.10	akt
PAMEZH	akt.POS.8	akt
PAMMXF	akt.NEG.4	akt
PAMVRA	akt.POS.1	akt
PANBJH	akt.NEG.6	akt
PAMZMG	akt.NEG.2	akt
PANBSP	akt.NEG.10	akt
PANUKV	akt.NEG.6	akt
PANYGR	akt.NEG.5	akt
PAPBGH	akt.NEG.5	akt
PAPKWN	akt.POS.4	akt
PAIVHE	akt.POS.8	akt
PAITEG	akt.OUTLIER	akt
PAKYZS	akt.POS.9	akt
PAITCI	akt.POS.3	akt
PAPEFE	akt.NEG.5	akt
PAIXIF	akt.OUTLIER	akt
PALCBW	akt.POS.8	akt
PALTEG	akt.POS.4	akt
PAMYCE	akt.POS.5	akt
PAMZGT	akt.POS.3	akt
PANGXK	akt.OUTLIER	akt
PANJLH	akt.POS.4	akt
PANKFE	akt.POS.9	akt
PANZPV	akt.POS.5	akt
PANZVU	akt.NEG.5	akt
PAPBZI	akt.NEG.6	akt
PANBMJ	akt.POS.3	akt
PAPHPE	akt.NEG.1	akt
PAIPGU	akt.POS.6	akt
PALEVG	akt.NEG.4	akt
PANRHJ	akt.ZERO	akt
PAPUAR	akt.NEG.3	akt
PAPUEB	akt.NEG.5	akt
PAPUNH	akt.NEG.7	akt
PAPZYP	akt.POS.5	akt
PARACM	akt.POS.8	akt
PANRRW	akt.NEG.2	akt
PANLET	akt.NEG.8	akt
PANRVJ	akt.POS.2	akt
PANSBN	akt.POS.10	akt
PANUIF	akt.POS.5	akt
PANWRR	akt.NEG.6	akt
PAPBJE	akt.POS.6	akt
PAPCTS	akt.NEG.7	akt
PAPKXS	akt.NEG.8	akt
PAPTAN	akt.POS.9	akt
PAPTCR	akt.POS.9	akt
PAPUWY	akt.POS.1	akt
PAPVFD	akt.NEG.7	akt
PAPVXS	akt.POS.3	akt
PAPZYZ	akt.POS.6	akt
PARACS	akt.POS.2	akt
PARAMT	akt.NEG.9	akt
PARBGP	akt.NEG.4	akt
PARDIW	akt.ZERO	akt
PARFWB	akt.NEG.3	akt
PARDCK	akt.POS.2	akt
PARGKK	akt.POS.7	akt
PARKGJ	akt.OUTLIER	akt
PARSBI	akt.POS.4	akt
PAIFXV	akt.POS.9	akt
PARVLK	akt.POS.2	akt
PARYNK	akt.NEG.5	akt
PARZIP	akt.NEG.10	akt
PASEGA	akt.POS.3	akt
PASFGG	akt.ZERO	akt
PASGUT	akt.NEG.7	akt
PASMJG	akt.OUTLIER	akt
PASMNT	akt.NEG.7	akt
PASNZU	akt.NEG.9	akt
PASPER	akt.NEG.9	akt
PASRFS	akt.NEG.5	akt
PASSRS	akt.NEG.8	akt
PASTCN	akt.NEG.1	akt
PASTKC	akt.POS.5	akt
PASUCB	akt.NEG.1	akt
PASUYG	akt.NEG.5	akt
PASVRU	akt.NEG.7	akt
PASWFB	akt.NEG.8	akt
PASWVY	akt.NEG.7	akt
PASXGP	akt.NEG.8	akt
PASZPI	akt.NEG.2	akt
PATDWN	akt.NEG.6	akt
PATDXG	akt.NEG.6	akt
PATEKG	akt.POS.10	akt
PATEPF	akt.NEG.6	akt
PATESI	akt.NEG.6	akt
PATFCY	akt.NEG.4	akt
PATFXV	akt.NEG.7	akt
PATHVK	akt.NEG.6	akt
PATINJ	akt.NEG.2	akt
PANXJL	akt.POS.10	akt
PAPLSD	akt.NEG.3	akt
PAPTFZ	akt.NEG.8	akt
PAPTLV	akt.POS.4	akt
PAPVRN	akt.POS.9	akt
PAKZRH	akt.NEG.1	akt
PANZRV	akt.NEG.3	akt
PAPICY	akt.NEG.4	akt
PAPTDH	akt.POS.8	akt
PARFRE	akt.NEG.8	akt
PARJVP	akt.NEG.10	akt
PARNNC	akt.NEG.3	akt
PARZHA	akt.NEG.3	akt
PASCFC	akt.NEG.6	akt
PASCTR	akt.NEG.3	akt
PASJZC	akt.NEG.2	akt
PASMDM	akt.POS.1	akt
PASNML	akt.NEG.8	akt
PASPBZ	akt.NEG.9	akt
PASUML	akt.NEG.5	akt
PASZKE	akt.NEG.5	akt
PATAYJ	akt.NEG.8	akt
PATGJU	akt.POS.2	akt
PATHKB	akt.NEG.7	akt
PASGAP	akt.POS.11	akt
PASHFA	akt.POS.2	akt
PARBAJ	akt.NEG.7	akt
PARHAM	akt.NEG.3	akt
PASNPG	akt.NEG.7	akt
PASYPX	akt.NEG.2	akt
PATYIL	akt.NEG.6	akt
PAUDDK	akt.POS.6	akt
PALNVP	akt.POS.3	akt
PALXTB	akt.POS.7	akt
PAMNLH	akt.NEG.6	akt
PANNMS	akt.NEG.2	akt
PAPEAV	akt.NEG.2	akt
PAISNS	akt.POS.1	akt
PASNEF	akt.NEG.6	akt
PASSRN	akt.ZERO	akt
PASWIJ	akt.POS.1	akt
PATDXC	akt.POS.2	akt
PALBFW	erbb2.POS.6	erbb2
PALWVJ	erbb2.POS.4	erbb2
PALETP	erbb2.POS.2	erbb2
PALIIN	erbb2.NEG.6	erbb2
PALKUC	erbb2.POS.9	erbb2
PALUYS	erbb2.NEG.2	erbb2
PALVKK	erbb2.POS.12	erbb2
PAMBMJ	erbb2.NEG.5	erbb2
PALZZV	erbb2.NEG.13	erbb2
PAMEZH	erbb2.POS.10	erbb2
PAMMXF	erbb2.NEG.6	erbb2
PAMVRA	erbb2.NEG.2	erbb2
PANBJH	erbb2.NEG.4	erbb2
PAMZMG	erbb2.NEG.4	erbb2
PANBSP	erbb2.NEG.10	erbb2
PANUKV	erbb2.NEG.10	erbb2
PANYGR	erbb2.NEG.8	erbb2
PAPBGH	erbb2.NEG.9	erbb2
PAPKWN	erbb2.POS.4	erbb2
PAIVHE	erbb2.POS.6	erbb2
PAITEG	erbb2.POS.13	erbb2
PAKYZS	erbb2.POS.12	erbb2
PAITCI	erbb2.POS.4	erbb2
PAPEFE	erbb2.NEG.5	erbb2
PAIXIF	erbb2.POS.12	erbb2
PALCBW	erbb2.POS.12	erbb2
PALTEG	erbb2.POS.6	erbb2
PAMYCE	erbb2.POS.6	erbb2
PAMZGT	erbb2.POS.5	erbb2
PANGXK	erbb2.POS.9	erbb2
PANJLH	erbb2.POS.8	erbb2
PANKFE	erbb2.POS.11	erbb2
PANZPV	erbb2.POS.6	erbb2
PANZVU	erbb2.NEG.3	erbb2
PAPBZI	erbb2.NEG.5	erbb2
PANBMJ	erbb2.POS.2	erbb2
PAPHPE	erbb2.NEG.2	erbb2
PAIPGU	erbb2.POS.5	erbb2
PALEVG	erbb2.NEG.7	erbb2
PANRHJ	erbb2.NEG.1	erbb2
PAPUAR	erbb2.NEG.3	erbb2
PAPUEB	erbb2.NEG.5	erbb2
PAPUNH	erbb2.NEG.13	erbb2
PAPZYP	erbb2.POS.2	erbb2
PARACM	erbb2.POS.9	erbb2
PANRRW	erbb2.POS.3	erbb2
PANLET	erbb2.NEG.6	erbb2
PANRVJ	erbb2.POS.4	erbb2
PANSBN	erbb2.POS.8	erbb2
PANUIF	erbb2.POS.4	erbb2
PANWRR	erbb2.NEG.5	erbb2
PAPBJE	erbb2.POS.6	erbb2
PAPCTS	erbb2.NEG.10	erbb2
PAPKXS	erbb2.NEG.9	erbb2
PAPTAN	erbb2.POS.8	erbb2
PAPTCR	erbb2.POS.10	erbb2
PAPUWY	erbb2.NEG.2	erbb2
PAPVFD	erbb2.NEG.8	erbb2
PAPVXS	erbb2.NEG.2	erbb2
PAPZYZ	erbb2.POS.7	erbb2
PARACS	erbb2.ZERO	erbb2
PARAMT	erbb2.NEG.7	erbb2
PARBGP	erbb2.NEG.5	erbb2
PARDIW	erbb2.NEG.1	erbb2
PARFWB	erbb2.NEG.5	erbb2
PARDCK	erbb2.POS.5	erbb2
PARGKK	erbb2.POS.5	erbb2
PARKGJ	erbb2.POS.6	erbb2
PARSBI	erbb2.POS.5	erbb2
PAIFXV	erbb2.POS.10	erbb2
PARVLK	erbb2.POS.4	erbb2
PARYNK	erbb2.NEG.7	erbb2
PARZIP	erbb2.NEG.11	erbb2
PASEGA	erbb2.NEG.1	erbb2
PASFGG	erbb2.NEG.3	erbb2
PASGUT	erbb2.NEG.7	erbb2
PASMJG	erbb2.POS.10	erbb2
PASMNT	erbb2.NEG.12	erbb2
PASNZU	erbb2.NEG.11	erbb2
PASPER	erbb2.NEG.6	erbb2
PASRFS	erbb2.NEG.6	erbb2
PASSRS	erbb2.NEG.9	erbb2
PASTCN	erbb2.NEG.5	erbb2
PASTKC	erbb2.POS.10	erbb2
PASUCB	erbb2.NEG.7	erbb2
PASUYG	erbb2.NEG.6	erbb2
PASVRU	erbb2.NEG.6	erbb2
PASWFB	erbb2.NEG.9	erbb2
PASWVY	erbb2.NEG.9	erbb2
PASXGP	erbb2.NEG.10	erbb2
PASZPI	erbb2.POS.3	erbb2
PATDWN	erbb2.NEG.8	erbb2
PATDXG	erbb2.NEG.9	erbb2
PATEKG	erbb2.POS.12	erbb2
PATEPF	erbb2.NEG.6	erbb2
PATESI	erbb2.NEG.9	erbb2
PATFCY	erbb2.NEG.9	erbb2
PATFXV	erbb2.NEG.9	erbb2
PATHVK	erbb2.NEG.7	erbb2
PATINJ	erbb2.NEG.4	erbb2
PANXJL	erbb2.POS.11	erbb2
PAPLSD	erbb2.POS.2	erbb2
PAPTFZ	erbb2.NEG.7	erbb2
PAPTLV	erbb2.POS.6	erbb2
PAPVRN	erbb2.POS.11	erbb2
PAKZRH	erbb2.ZERO	erbb2
PANZRV	erbb2.NEG.8	erbb2
PAPICY	erbb2.POS.2	erbb2
PAPTDH	erbb2.POS.6	erbb2
PARFRE	erbb2.NEG.10	erbb2
PARJVP	erbb2.NEG.8	erbb2
PARNNC	erbb2.POS.2	erbb2
PARZHA	erbb2.NEG.3	erbb2
PASCFC	erbb2.NEG.7	erbb2
PASCTR	erbb2.POS.1	erbb2
PASJZC	erbb2.NEG.4	erbb2
PASMDM	erbb2.POS.4	erbb2
PASNML	erbb2.NEG.9	erbb2
PASPBZ	erbb2.NEG.8	erbb2
PASUML	erbb2.NEG.5	erbb2
PASZKE	erbb2.NEG.6	erbb2
PATAYJ	erbb2.NEG.6	erbb2
PATGJU	erbb2.POS.6	erbb2
PATHKB	erbb2.NEG.10	erbb2
PASGAP	erbb2.POS.12	erbb2
PASHFA	erbb2.NEG.1	erbb2
PARBAJ	erbb2.NEG.2	erbb2
PARHAM	erbb2.POS.4	erbb2
PASNPG	erbb2.NEG.2	erbb2
PASYPX	erbb2.NEG.3	erbb2
PATYIL	erbb2.NEG.6	erbb2
PAUDDK	erbb2.POS.10	erbb2
PALNVP	erbb2.POS.6	erbb2
PALXTB	erbb2.POS.9	erbb2
PAMNLH	erbb2.NEG.6	erbb2
PANNMS	erbb2.POS.2	erbb2
PAPEAV	erbb2.POS.1	erbb2
PAISNS	erbb2.POS.4	erbb2
PASNEF	erbb2.NEG.5	erbb2
PASSRN	erbb2.POS.3	erbb2
PASWIJ	erbb2.POS.3	erbb2
PATDXC	erbb2.POS.1	erbb2
PALBFW	ccnd1.POS.4	ccnd1
PALWVJ	ccnd1.POS.1	ccnd1
PALETP	ccnd1.POS.6	ccnd1
PALIIN	ccnd1.NEG.3	ccnd1
PALKUC	ccnd1.OUTLIER	ccnd1
PALUYS	ccnd1.POS.8	ccnd1
PALVKK	ccnd1.POS.9	ccnd1
PAMBMJ	ccnd1.POS.4	ccnd1
PALZZV	ccnd1.NEG.9	ccnd1
PAMEZH	ccnd1.OUTLIER	ccnd1
PAMMXF	ccnd1.POS.5	ccnd1
PAMVRA	ccnd1.NEG.5	ccnd1
PANBJH	ccnd1.NEG.4	ccnd1
PAMZMG	ccnd1.POS.6	ccnd1
PANBSP	ccnd1.NEG.4	ccnd1
PANUKV	ccnd1.NEG.1	ccnd1
PANYGR	ccnd1.NEG.6	ccnd1
PAPBGH	ccnd1.NEG.2	ccnd1
PAPKWN	ccnd1.POS.8	ccnd1
PAIVHE	ccnd1.POS.6	ccnd1
PAITEG	ccnd1.OUTLIER	ccnd1
PAKYZS	ccnd1.POS.5	ccnd1
PAITCI	ccnd1.POS.6	ccnd1
PAPEFE	ccnd1.NEG.4	ccnd1
PAIXIF	ccnd1.OUTLIER	ccnd1
PALCBW	ccnd1.POS.7	ccnd1
PALTEG	ccnd1.POS.4	ccnd1
PAMYCE	ccnd1.POS.8	ccnd1
PAMZGT	ccnd1.POS.8	ccnd1
PANGXK	ccnd1.POS.9	ccnd1
PANJLH	ccnd1.POS.9	ccnd1
PANKFE	ccnd1.POS.6	ccnd1
PANZPV	ccnd1.POS.9	ccnd1
PANZVU	ccnd1.NEG.6	ccnd1
PAPBZI	ccnd1.POS.2	ccnd1
PANBMJ	ccnd1.NEG.2	ccnd1
PAPHPE	ccnd1.NEG.4	ccnd1
PAIPGU	ccnd1.POS.8	ccnd1
PALEVG	ccnd1.POS.8	ccnd1
PANRHJ	ccnd1.POS.9	ccnd1
PAPUAR	ccnd1.NEG.5	ccnd1
PAPUEB	ccnd1.NEG.6	ccnd1
PAPUNH	ccnd1.NEG.8	ccnd1
PAPZYP	ccnd1.POS.7	ccnd1
PARACM	ccnd1.POS.7	ccnd1
PANRRW	ccnd1.NEG.2	ccnd1
PANLET	ccnd1.NEG.5	ccnd1
PANRVJ	ccnd1.POS.3	ccnd1
PANSBN	ccnd1.POS.4	ccnd1
PANUIF	ccnd1.POS.3	ccnd1
PANWRR	ccnd1.NEG.2	ccnd1
PAPBJE	ccnd1.POS.7	ccnd1
PAPCTS	ccnd1.NEG.5	ccnd1
PAPKXS	ccnd1.NEG.5	ccnd1
PAPTAN	ccnd1.POS.2	ccnd1
PAPTCR	ccnd1.POS.3	ccnd1
PAPUWY	ccnd1.NEG.2	ccnd1
PAPVFD	ccnd1.NEG.7	ccnd1
PAPVXS	ccnd1.NEG.1	ccnd1
PAPZYZ	ccnd1.POS.6	ccnd1
PARACS	ccnd1.NEG.1	ccnd1
PARAMT	ccnd1.NEG.7	ccnd1
PARBGP	ccnd1.NEG.9	ccnd1
PARDIW	ccnd1.NEG.1	ccnd1
PARFWB	ccnd1.NEG.7	ccnd1
PARDCK	ccnd1.NEG.4	ccnd1
PARGKK	ccnd1.NEG.3	ccnd1
PARKGJ	ccnd1.POS.6	ccnd1
PARSBI	ccnd1.POS.4	ccnd1
PAIFXV	ccnd1.POS.3	ccnd1
PARVLK	ccnd1.POS.5	ccnd1
PARYNK	ccnd1.NEG.5	ccnd1
PARZIP	ccnd1.NEG.6	ccnd1
PASEGA	ccnd1.NEG.2	ccnd1
PASFGG	ccnd1.NEG.1	ccnd1
PASGUT	ccnd1.NEG.6	ccnd1
PASMJG	ccnd1.POS.7	ccnd1
PASMNT	ccnd1.NEG.10	ccnd1
PASNZU	ccnd1.NEG.5	ccnd1
PASPER	ccnd1.NEG.8	ccnd1
PASRFS	ccnd1.NEG.3	ccnd1
PASSRS	ccnd1.NEG.10	ccnd1
PASTCN	ccnd1.NEG.5	ccnd1
PASTKC	ccnd1.POS.4	ccnd1
PASUCB	ccnd1.NEG.5	ccnd1
PASUYG	ccnd1.NEG.5	ccnd1
PASVRU	ccnd1.NEG.2	ccnd1
PASWFB	ccnd1.NEG.7	ccnd1
PASWVY	ccnd1.NEG.5	ccnd1
PASXGP	ccnd1.NEG.7	ccnd1
PASZPI	ccnd1.POS.6	ccnd1
PATDWN	ccnd1.NEG.5	ccnd1
PATDXG	ccnd1.NEG.6	ccnd1
PATEKG	ccnd1.POS.6	ccnd1
PATEPF	ccnd1.NEG.6	ccnd1
PATESI	ccnd1.NEG.4	ccnd1
PATFCY	ccnd1.NEG.6	ccnd1
PATFXV	ccnd1.NEG.2	ccnd1
PATHVK	ccnd1.NEG.4	ccnd1
PATINJ	ccnd1.POS.3	ccnd1
PANXJL	ccnd1.POS.8	ccnd1
PAPLSD	ccnd1.POS.4	ccnd1
PAPTFZ	ccnd1.NEG.4	ccnd1
PAPTLV	ccnd1.POS.8	ccnd1
PAPVRN	ccnd1.POS.4	ccnd1
PAKZRH	ccnd1.POS.1	ccnd1
PANZRV	ccnd1.NEG.5	ccnd1
PAPICY	ccnd1.POS.1	ccnd1
PAPTDH	ccnd1.POS.5	ccnd1
PARFRE	ccnd1.NEG.4	ccnd1
PARJVP	ccnd1.NEG.8	ccnd1
PARNNC	ccnd1.POS.1	ccnd1
PARZHA	ccnd1.NEG.3	ccnd1
PASCFC	ccnd1.NEG.9	ccnd1
PASCTR	ccnd1.NEG.2	ccnd1
PASJZC	ccnd1.NEG.5	ccnd1
PASMDM	ccnd1.POS.1	ccnd1
PASNML	ccnd1.NEG.7	ccnd1
PASPBZ	ccnd1.NEG.6	ccnd1
PASUML	ccnd1.NEG.4	ccnd1
PASZKE	ccnd1.NEG.4	ccnd1
PATAYJ	ccnd1.NEG.9	ccnd1
PATGJU	ccnd1.POS.1	ccnd1
PATHKB	ccnd1.NEG.9	ccnd1
PASGAP	ccnd1.POS.5	ccnd1
PASHFA	ccnd1.POS.2	ccnd1
PARBAJ	ccnd1.NEG.5	ccnd1
PARHAM	ccnd1.POS.2	ccnd1
PASNPG	ccnd1.NEG.2	ccnd1
PASYPX	ccnd1.NEG.5	ccnd1
PATYIL	ccnd1.NEG.1	ccnd1
PAUDDK	ccnd1.POS.3	ccnd1
PALNVP	ccnd1.POS.1	ccnd1
PALXTB	ccnd1.POS.1	ccnd1
PAMNLH	ccnd1.NEG.7	ccnd1
PANNMS	ccnd1.NEG.4	ccnd1
PAPEAV	ccnd1.POS.2	ccnd1
PAISNS	ccnd1.POS.2	ccnd1
PASNEF	ccnd1.NEG.7	ccnd1
PASSRN	ccnd1.NEG.1	ccnd1
PASWIJ	ccnd1.NEG.1	ccnd1
PATDXC	ccnd1.POS.3	ccnd1
PALBFW	egfr.POS.4	egfr
PALWVJ	egfr.POS.8	egfr
PALETP	egfr.NEG.8	egfr
PALIIN	egfr.NEG.5	egfr
PALKUC	egfr.POS.9	egfr
PALUYS	egfr.NEG.10	egfr
PALVKK	egfr.POS.13	egfr
PAMBMJ	egfr.NEG.4	egfr
PALZZV	egfr.NEG.12	egfr
PAMEZH	egfr.NEG.3	egfr
PAMMXF	egfr.NEG.8	egfr
PAMVRA	egfr.NEG.9	egfr
PANBJH	egfr.NEG.14	egfr
PAMZMG	egfr.NEG.7	egfr
PANBSP	egfr.NEG.7	egfr
PANUKV	egfr.NEG.12	egfr
PANYGR	egfr.NEG.12	egfr
PAPBGH	egfr.NEG.8	egfr
PAPKWN	egfr.POS.11	egfr
PAIVHE	egfr.POS.12	egfr
PAITEG	egfr.OUTLIER	egfr
PAKYZS	egfr.POS.10	egfr
PAITCI	egfr.NEG.2	egfr
PAPEFE	egfr.POS.7	egfr
PAIXIF	egfr.POS.13	egfr
PALCBW	egfr.POS.13	egfr
PALTEG	egfr.POS.7	egfr
PAMYCE	egfr.POS.6	egfr
PAMZGT	egfr.POS.8	egfr
PANGXK	egfr.POS.13	egfr
PANJLH	egfr.POS.12	egfr
PANKFE	egfr.POS.13	egfr
PANZPV	egfr.NEG.5	egfr
PANZVU	egfr.POS.1	egfr
PAPBZI	egfr.NEG.4	egfr
PANBMJ	egfr.POS.8	egfr
PAPHPE	egfr.NEG.9	egfr
PAIPGU	egfr.POS.2	egfr
PALEVG	egfr.NEG.11	egfr
PANRHJ	egfr.NEG.7	egfr
PAPUAR	egfr.NEG.6	egfr
PAPUEB	egfr.NEG.4	egfr
PAPUNH	egfr.NEG.12	egfr
PAPZYP	egfr.POS.11	egfr
PARACM	egfr.POS.8	egfr
PANRRW	egfr.NEG.2	egfr
PANLET	egfr.NEG.12	egfr
PANRVJ	egfr.POS.7	egfr
PANSBN	egfr.POS.13	egfr
PANUIF	egfr.POS.3	egfr
PANWRR	egfr.NEG.6	egfr
PAPBJE	egfr.POS.12	egfr
PAPCTS	egfr.NEG.10	egfr
PAPKXS	egfr.NEG.14	egfr
PAPTAN	egfr.POS.16	egfr
PAPTCR	egfr.POS.15	egfr
PAPUWY	egfr.POS.3	egfr
PAPVFD	egfr.NEG.11	egfr
PAPVXS	egfr.POS.5	egfr
PAPZYZ	egfr.POS.15	egfr
PARACS	egfr.NEG.2	egfr
PARAMT	egfr.NEG.9	egfr
PARBGP	egfr.NEG.8	egfr
PARDIW	egfr.NEG.8	egfr
PARFWB	egfr.NEG.11	egfr
PARDCK	egfr.NEG.2	egfr
PARGKK	egfr.NEG.2	egfr
PARKGJ	egfr.POS.15	egfr
PARSBI	egfr.POS.9	egfr
PAIFXV	egfr.POS.11	egfr
PARVLK	egfr.NEG.2	egfr
PARYNK	egfr.NEG.9	egfr
PARZIP	egfr.NEG.9	egfr
PASEGA	egfr.NEG.3	egfr
PASFGG	egfr.ZERO	egfr
PASGUT	egfr.NEG.11	egfr
PASMJG	egfr.POS.15	egfr
PASMNT	egfr.NEG.13	egfr
PASNZU	egfr.NEG.9	egfr
PASPER	egfr.NEG.3	egfr
PASRFS	egfr.NEG.6	egfr
PASSRS	egfr.NEG.10	egfr
PASTCN	egfr.NEG.8	egfr
PASTKC	egfr.POS.12	egfr
PASUCB	egfr.NEG.6	egfr
PASUYG	egfr.NEG.8	egfr
PASVRU	egfr.NEG.10	egfr
PASWFB	egfr.NEG.7	egfr
PASWVY	egfr.NEG.9	egfr
PASXGP	egfr.NEG.15	egfr
PASZPI	egfr.POS.3	egfr
PATDWN	egfr.NEG.9	egfr
PATDXG	egfr.NEG.5	egfr
PATEKG	egfr.POS.10	egfr
PATEPF	egfr.NEG.14	egfr
PATESI	egfr.NEG.10	egfr
PATFCY	egfr.NEG.9	egfr
PATFXV	egfr.NEG.4	egfr
PATHVK	egfr.NEG.6	egfr
PATINJ	egfr.NEG.12	egfr
PANXJL	egfr.POS.15	egfr
PAPLSD	egfr.NEG.2	egfr
PAPTFZ	egfr.NEG.9	egfr
PAPTLV	egfr.POS.10	egfr
PAPVRN	egfr.POS.9	egfr
PAKZRH	egfr.POS.2	egfr
PANZRV	egfr.NEG.3	egfr
PAPICY	egfr.POS.1	egfr
PAPTDH	egfr.POS.12	egfr
PARFRE	egfr.NEG.9	egfr
PARJVP	egfr.NEG.9	egfr
PARNNC	egfr.POS.8	egfr
PARZHA	egfr.NEG.11	egfr
PASCFC	egfr.NEG.8	egfr
PASCTR	egfr.POS.9	egfr
PASJZC	egfr.POS.1	egfr
PASMDM	egfr.POS.9	egfr
PASNML	egfr.NEG.11	egfr
PASPBZ	egfr.NEG.8	egfr
PASUML	egfr.NEG.6	egfr
PASZKE	egfr.NEG.8	egfr
PATAYJ	egfr.NEG.5	egfr
PATGJU	egfr.POS.6	egfr
PATHKB	egfr.NEG.10	egfr
PASGAP	egfr.POS.12	egfr
PASHFA	egfr.POS.2	egfr
PARBAJ	egfr.POS.3	egfr
PARHAM	egfr.NEG.2	egfr
PASNPG	egfr.POS.1	egfr
PASYPX	egfr.NEG.3	egfr
PATYIL	egfr.NEG.5	egfr
PAUDDK	egfr.POS.13	egfr
PALNVP	egfr.NEG.1	egfr
PALXTB	egfr.POS.4	egfr
PAMNLH	egfr.NEG.10	egfr
PANNMS	egfr.NEG.5	egfr
PAPEAV	egfr.NEG.7	egfr
PAISNS	egfr.POS.2	egfr
PASNEF	egfr.NEG.12	egfr
PASSRN	egfr.POS.7	egfr
PASWIJ	egfr.POS.7	egfr
PATDXC	egfr.POS.4	egfr
PALBFW	gli1.NEG.7	gli1
PALWVJ	gli1.NEG.2	gli1
PALETP	gli1.NEG.3	gli1
PALIIN	gli1.ZERO	gli1
PALKUC	gli1.NEG.3	gli1
PALUYS	gli1.NEG.4	gli1
PALVKK	gli1.NEG.2	gli1
PAMBMJ	gli1.POS.3	gli1
PALZZV	gli1.NEG.2	gli1
PAMEZH	gli1.NEG.12	gli1
PAMMXF	gli1.NEG.11	gli1
PAMVRA	gli1.POS.4	gli1
PANBJH	gli1.NEG.4	gli1
PAMZMG	gli1.NEG.11	gli1
PANBSP	gli1.POS.6	gli1
PANUKV	gli1.POS.1	gli1
PANYGR	gli1.POS.7	gli1
PAPBGH	gli1.POS.3	gli1
PAPKWN	gli1.POS.5	gli1
PAIVHE	gli1.POS.6	gli1
PAITEG	gli1.POS.8	gli1
PAKYZS	gli1.NEG.9	gli1
PAITCI	gli1.POS.3	gli1
PAPEFE	gli1.NEG.1	gli1
PAIXIF	gli1.POS.3	gli1
PALCBW	gli1.POS.8	gli1
PALTEG	gli1.NEG.3	gli1
PAMYCE	gli1.NEG.9	gli1
PAMZGT	gli1.NEG.8	gli1
PANGXK	gli1.POS.3	gli1
PANJLH	gli1.POS.2	gli1
PANKFE	gli1.NEG.2	gli1
PANZPV	gli1.NEG.6	gli1
PANZVU	gli1.POS.2	gli1
PAPBZI	gli1.NEG.7	gli1
PANBMJ	gli1.NEG.6	gli1
PAPHPE	gli1.NEG.9	gli1
PAIPGU	gli1.NEG.6	gli1
PALEVG	gli1.NEG.4	gli1
PANRHJ	gli1.NEG.1	gli1
PAPUAR	gli1.ZERO	gli1
PAPUEB	gli1.NEG.3	gli1
PAPUNH	gli1.NEG.7	gli1
PAPZYP	gli1.NEG.8	gli1
PARACM	gli1.NEG.5	gli1
PANRRW	gli1.NEG.2	gli1
PANLET	gli1.POS.3	gli1
PANRVJ	gli1.NEG.2	gli1
PANSBN	gli1.POS.2	gli1
PANUIF	gli1.NEG.2	gli1
PANWRR	gli1.POS.1	gli1
PAPBJE	gli1.POS.2	gli1
PAPCTS	gli1.NEG.3	gli1
PAPKXS	gli1.NEG.4	gli1
PAPTAN	gli1.POS.2	gli1
PAPTCR	gli1.NEG.1	gli1
PAPUWY	gli1.ZERO	gli1
PAPVFD	gli1.NEG.2	gli1
PAPVXS	gli1.NEG.6	gli1
PAPZYZ	gli1.POS.1	gli1
PARACS	gli1.NEG.11	gli1
PARAMT	gli1.NEG.9	gli1
PARBGP	gli1.POS.5	gli1
PARDIW	gli1.NEG.3	gli1
PARFWB	gli1.POS.3	gli1
PARDCK	gli1.NEG.7	gli1
PARGKK	gli1.NEG.9	gli1
PARKGJ	gli1.NEG.3	gli1
PARSBI	gli1.POS.1	gli1
PAIFXV	gli1.NEG.7	gli1
PARVLK	gli1.NEG.2	gli1
PARYNK	gli1.NEG.5	gli1
PARZIP	gli1.POS.7	gli1
PASEGA	gli1.POS.6	gli1
PASFGG	gli1.POS.6	gli1
PASGUT	gli1.NEG.1	gli1
PASMJG	gli1.POS.6	gli1
PASMNT	gli1.NEG.4	gli1
PASNZU	gli1.NEG.8	gli1
PASPER	gli1.POS.6	gli1
PASRFS	gli1.NEG.5	gli1
PASSRS	gli1.POS.8	gli1
PASTCN	gli1.NEG.4	gli1
PASTKC	gli1.NEG.4	gli1
PASUCB	gli1.NEG.8	gli1
PASUYG	gli1.NEG.9	gli1
PASVRU	gli1.NEG.6	gli1
PASWFB	gli1.NEG.4	gli1
PASWVY	gli1.NEG.3	gli1
PASXGP	gli1.NEG.6	gli1
PASZPI	gli1.NEG.2	gli1
PATDWN	gli1.POS.7	gli1
PATDXG	gli1.NEG.1	gli1
PATEKG	gli1.NEG.6	gli1
PATEPF	gli1.NEG.5	gli1
PATESI	gli1.NEG.6	gli1
PATFCY	gli1.POS.7	gli1
PATFXV	gli1.NEG.11	gli1
PATHVK	gli1.POS.6	gli1
PATINJ	gli1.POS.4	gli1
PANXJL	gli1.POS.5	gli1
PAPLSD	gli1.NEG.11	gli1
PAPTFZ	gli1.NEG.13	gli1
PAPTLV	gli1.NEG.3	gli1
PAPVRN	gli1.NEG.15	gli1
PAKZRH	gli1.POS.9	gli1
PANZRV	gli1.POS.7	gli1
PAPICY	gli1.NEG.3	gli1
PAPTDH	gli1.POS.5	gli1
PARFRE	gli1.POS.9	gli1
PARJVP	gli1.POS.5	gli1
PARNNC	gli1.POS.5	gli1
PARZHA	gli1.POS.3	gli1
PASCFC	gli1.NEG.5	gli1
PASCTR	gli1.POS.5	gli1
PASJZC	gli1.POS.2	gli1
PASMDM	gli1.NEG.4	gli1
PASNML	gli1.POS.8	gli1
PASPBZ	gli1.POS.3	gli1
PASUML	gli1.POS.3	gli1
PASZKE	gli1.POS.5	gli1
PATAYJ	gli1.POS.3	gli1
PATGJU	gli1.NEG.2	gli1
PATHKB	gli1.POS.7	gli1
PASGAP	gli1.NEG.5	gli1
PASHFA	gli1.NEG.13	gli1
PARBAJ	gli1.POS.7	gli1
PARHAM	gli1.NEG.5	gli1
PASNPG	gli1.POS.7	gli1
PASYPX	gli1.POS.7	gli1
PATYIL	gli1.POS.4	gli1
PAUDDK	gli1.POS.7	gli1
PALNVP	gli1.POS.8	gli1
PALXTB	gli1.ZERO	gli1
PAMNLH	gli1.POS.8	gli1
PANNMS	gli1.POS.1	gli1
PAPEAV	gli1.POS.9	gli1
PAISNS	gli1.OUTLIER	gli1
PASNEF	gli1.NEG.5	gli1
PASSRN	gli1.NEG.1	gli1
PASWIJ	gli1.NEG.4	gli1
PATDXC	gli1.POS.2	gli1
PALBFW	mek.POS.6	mek
PALWVJ	mek.POS.2	mek
PALETP	mek.NEG.2	mek
PALIIN	mek.NEG.7	mek
PALKUC	mek.POS.11	mek
PALUYS	mek.NEG.2	mek
PALVKK	mek.POS.11	mek
PAMBMJ	mek.NEG.1	mek
PALZZV	mek.NEG.12	mek
PAMEZH	mek.POS.9	mek
PAMMXF	mek.NEG.6	mek
PAMVRA	mek.NEG.5	mek
PANBJH	mek.NEG.7	mek
PAMZMG	mek.NEG.4	mek
PANBSP	mek.NEG.8	mek
PANUKV	mek.NEG.11	mek
PANYGR	mek.NEG.9	mek
PAPBGH	mek.NEG.7	mek
PAPKWN	mek.POS.5	mek
PAIVHE	mek.POS.5	mek
PAITEG	mek.POS.12	mek
PAKYZS	mek.POS.10	mek
PAITCI	mek.NEG.1	mek
PAPEFE	mek.NEG.2	mek
PAIXIF	mek.POS.11	mek
PALCBW	mek.POS.12	mek
PALTEG	mek.POS.5	mek
PAMYCE	mek.POS.6	mek
PAMZGT	mek.POS.6	mek
PANGXK	mek.POS.9	mek
PANJLH	mek.POS.9	mek
PANKFE	mek.POS.11	mek
PANZPV	mek.POS.4	mek
PANZVU	mek.POS.4	mek
PAPBZI	mek.NEG.1	mek
PANBMJ	mek.POS.2	mek
PAPHPE	mek.NEG.5	mek
PAIPGU	mek.POS.2	mek
PALEVG	mek.NEG.4	mek
PANRHJ	mek.NEG.1	mek
PAPUAR	mek.NEG.4	mek
PAPUEB	mek.NEG.5	mek
PAPUNH	mek.NEG.11	mek
PAPZYP	mek.POS.6	mek
PARACM	mek.POS.7	mek
PANRRW	mek.POS.1	mek
PANLET	mek.NEG.9	mek
PANRVJ	mek.POS.9	mek
PANSBN	mek.POS.8	mek
PANUIF	mek.POS.2	mek
PANWRR	mek.NEG.4	mek
PAPBJE	mek.POS.7	mek
PAPCTS	mek.NEG.6	mek
PAPKXS	mek.NEG.8	mek
PAPTAN	mek.POS.11	mek
PAPTCR	mek.POS.10	mek
PAPUWY	mek.NEG.2	mek
PAPVFD	mek.NEG.9	mek
PAPVXS	mek.NEG.2	mek
PAPZYZ	mek.POS.8	mek
PARACS	mek.NEG.2	mek
PARAMT	mek.NEG.9	mek
PARBGP	mek.NEG.5	mek
PARDIW	mek.NEG.2	mek
PARFWB	mek.NEG.9	mek
PARDCK	mek.NEG.1	mek
PARGKK	mek.POS.6	mek
PARKGJ	mek.POS.9	mek
PARSBI	mek.POS.5	mek
PAIFXV	mek.POS.8	mek
PARVLK	mek.POS.5	mek
PARYNK	mek.NEG.7	mek
PARZIP	mek.NEG.9	mek
PASEGA	mek.NEG.2	mek
PASFGG	mek.NEG.3	mek
PASGUT	mek.NEG.8	mek
PASMJG	mek.POS.9	mek
PASMNT	mek.NEG.12	mek
PASNZU	mek.NEG.8	mek
PASPER	mek.NEG.4	mek
PASRFS	mek.NEG.7	mek
PASSRS	mek.NEG.9	mek
PASTCN	mek.NEG.5	mek
PASTKC	mek.POS.7	mek
PASUCB	mek.NEG.6	mek
PASUYG	mek.NEG.9	mek
PASVRU	mek.NEG.8	mek
PASWFB	mek.NEG.6	mek
PASWVY	mek.NEG.9	mek
PASXGP	mek.NEG.12	mek
PASZPI	mek.POS.2	mek
PATDWN	mek.NEG.8	mek
PATDXG	mek.NEG.8	mek
PATEKG	mek.POS.9	mek
PATEPF	mek.NEG.10	mek
PATESI	mek.NEG.10	mek
PATFCY	mek.NEG.9	mek
PATFXV	mek.NEG.6	mek
PATHVK	mek.NEG.7	mek
PATINJ	mek.NEG.9	mek
PANXJL	mek.POS.9	mek
PAPLSD	mek.NEG.1	mek
PAPTFZ	mek.NEG.8	mek
PAPTLV	mek.POS.6	mek
PAPVRN	mek.POS.10	mek
PAKZRH	mek.NEG.2	mek
PANZRV	mek.NEG.5	mek
PAPICY	mek.POS.2	mek
PAPTDH	mek.POS.8	mek
PARFRE	mek.NEG.9	mek
PARJVP	mek.NEG.8	mek
PARNNC	mek.POS.6	mek
PARZHA	mek.NEG.4	mek
PASCFC	mek.NEG.5	mek
PASCTR	mek.POS.5	mek
PASJZC	mek.NEG.1	mek
PASMDM	mek.POS.7	mek
PASNML	mek.NEG.9	mek
PASPBZ	mek.NEG.6	mek
PASUML	mek.NEG.3	mek
PASZKE	mek.NEG.5	mek
PATAYJ	mek.NEG.6	mek
PATGJU	mek.POS.7	mek
PATHKB	mek.NEG.10	mek
PASGAP	mek.POS.11	mek
PASHFA	mek.NEG.2	mek
PARBAJ	mek.POS.4	mek
PARHAM	mek.POS.2	mek
PASNPG	mek.NEG.3	mek
PASYPX	mek.NEG.1	mek
PATYIL	mek.NEG.2	mek
PAUDDK	mek.POS.10	mek
PALNVP	mek.POS.4	mek
PALXTB	mek.POS.8	mek
PAMNLH	mek.NEG.9	mek
PANNMS	mek.ZERO	mek
PAPEAV	mek.NEG.6	mek
PAISNS	mek.POS.4	mek
PASNEF	mek.NEG.10	mek
PASSRN	mek.POS.4	mek
PASWIJ	mek.POS.3	mek
PATDXC	mek.POS.1	mek
PALBFW	ezh2_ko.POS.6	ezh2_ko
PALWVJ	ezh2_ko.POS.2	ezh2_ko
PALETP	ezh2_ko.NEG.6	ezh2_ko
PALIIN	ezh2_ko.NEG.7	ezh2_ko
PALKUC	ezh2_ko.POS.2	ezh2_ko
PALUYS	ezh2_ko.NEG.7	ezh2_ko
PALVKK	ezh2_ko.POS.11	ezh2_ko
PAMBMJ	ezh2_ko.NEG.8	ezh2_ko
PALZZV	ezh2_ko.NEG.9	ezh2_ko
PAMEZH	ezh2_ko.POS.5	ezh2_ko
PAMMXF	ezh2_ko.NEG.5	ezh2_ko
PAMVRA	ezh2_ko.NEG.4	ezh2_ko
PANBJH	ezh2_ko.NEG.4	ezh2_ko
PAMZMG	ezh2_ko.NEG.2	ezh2_ko
PANBSP	ezh2_ko.NEG.9	ezh2_ko
PANUKV	ezh2_ko.NEG.9	ezh2_ko
PANYGR	ezh2_ko.NEG.8	ezh2_ko
PAPBGH	ezh2_ko.NEG.6	ezh2_ko
PAPKWN	ezh2_ko.POS.2	ezh2_ko
PAIVHE	ezh2_ko.POS.5	ezh2_ko
PAITEG	ezh2_ko.OUTLIER	ezh2_ko
PAKYZS	ezh2_ko.OUTLIER	ezh2_ko
PAITCI	ezh2_ko.NEG.4	ezh2_ko
PAPEFE	ezh2_ko.POS.1	ezh2_ko
PAIXIF	ezh2_ko.POS.11	ezh2_ko
PALCBW	ezh2_ko.OUTLIER	ezh2_ko
PALTEG	ezh2_ko.POS.5	ezh2_ko
PAMYCE	ezh2_ko.POS.8	ezh2_ko
PAMZGT	ezh2_ko.POS.6	ezh2_ko
PANGXK	ezh2_ko.POS.11	ezh2_ko
PANJLH	ezh2_ko.POS.3	ezh2_ko
PANKFE	ezh2_ko.POS.11	ezh2_ko
PANZPV	ezh2_ko.POS.3	ezh2_ko
PANZVU	ezh2_ko.POS.2	ezh2_ko
PAPBZI	ezh2_ko.NEG.3	ezh2_ko
PANBMJ	ezh2_ko.POS.7	ezh2_ko
PAPHPE	ezh2_ko.POS.4	ezh2_ko
PAIPGU	ezh2_ko.NEG.3	ezh2_ko
PALEVG	ezh2_ko.NEG.9	ezh2_ko
PANRHJ	ezh2_ko.NEG.7	ezh2_ko
PAPUAR	ezh2_ko.NEG.2	ezh2_ko
PAPUEB	ezh2_ko.NEG.7	ezh2_ko
PAPUNH	ezh2_ko.NEG.6	ezh2_ko
PAPZYP	ezh2_ko.POS.3	ezh2_ko
PARACM	ezh2_ko.POS.6	ezh2_ko
PANRRW	ezh2_ko.POS.5	ezh2_ko
PANLET	ezh2_ko.NEG.7	ezh2_ko
PANRVJ	ezh2_ko.POS.8	ezh2_ko
PANSBN	ezh2_ko.POS.10	ezh2_ko
PANUIF	ezh2_ko.POS.1	ezh2_ko
PANWRR	ezh2_ko.NEG.5	ezh2_ko
PAPBJE	ezh2_ko.POS.2	ezh2_ko
PAPCTS	ezh2_ko.NEG.4	ezh2_ko
PAPKXS	ezh2_ko.NEG.8	ezh2_ko
PAPTAN	ezh2_ko.OUTLIER	ezh2_ko
PAPTCR	ezh2_ko.OUTLIER	ezh2_ko
PAPUWY	ezh2_ko.NEG.2	ezh2_ko
PAPVFD	ezh2_ko.NEG.2	ezh2_ko
PAPVXS	ezh2_ko.NEG.2	ezh2_ko
PAPZYZ	ezh2_ko.POS.8	ezh2_ko
PARACS	ezh2_ko.NEG.4	ezh2_ko
PARAMT	ezh2_ko.NEG.6	ezh2_ko
PARBGP	ezh2_ko.NEG.4	ezh2_ko
PARDIW	ezh2_ko.NEG.5	ezh2_ko
PARFWB	ezh2_ko.NEG.6	ezh2_ko
PARDCK	ezh2_ko.POS.3	ezh2_ko
PARGKK	ezh2_ko.POS.7	ezh2_ko
PARKGJ	ezh2_ko.POS.8	ezh2_ko
PARSBI	ezh2_ko.POS.3	ezh2_ko
PAIFXV	ezh2_ko.POS.10	ezh2_ko
PARVLK	ezh2_ko.POS.1	ezh2_ko
PARYNK	ezh2_ko.NEG.1	ezh2_ko
PARZIP	ezh2_ko.NEG.5	ezh2_ko
PASEGA	ezh2_ko.NEG.1	ezh2_ko
PASFGG	ezh2_ko.NEG.6	ezh2_ko
PASGUT	ezh2_ko.NEG.6	ezh2_ko
PASMJG	ezh2_ko.POS.10	ezh2_ko
PASMNT	ezh2_ko.NEG.6	ezh2_ko
PASNZU	ezh2_ko.NEG.8	ezh2_ko
PASPER	ezh2_ko.NEG.6	ezh2_ko
PASRFS	ezh2_ko.NEG.5	ezh2_ko
PASSRS	ezh2_ko.NEG.8	ezh2_ko
PASTCN	ezh2_ko.NEG.4	ezh2_ko
PASTKC	ezh2_ko.POS.8	ezh2_ko
PASUCB	ezh2_ko.NEG.6	ezh2_ko
PASUYG	ezh2_ko.NEG.3	ezh2_ko
PASVRU	ezh2_ko.NEG.7	ezh2_ko
PASWFB	ezh2_ko.NEG.4	ezh2_ko
PASWVY	ezh2_ko.NEG.8	ezh2_ko
PASXGP	ezh2_ko.NEG.7	ezh2_ko
PASZPI	ezh2_ko.NEG.4	ezh2_ko
PATDWN	ezh2_ko.NEG.8	ezh2_ko
PATDXG	ezh2_ko.NEG.7	ezh2_ko
PATEKG	ezh2_ko.POS.10	ezh2_ko
PATEPF	ezh2_ko.NEG.7	ezh2_ko
PATESI	ezh2_ko.NEG.6	ezh2_ko
PATFCY	ezh2_ko.NEG.8	ezh2_ko
PATFXV	ezh2_ko.NEG.3	ezh2_ko
PATHVK	ezh2_ko.ZERO	ezh2_ko
PATINJ	ezh2_ko.NEG.9	ezh2_ko
PANXJL	ezh2_ko.POS.10	ezh2_ko
PAPLSD	ezh2_ko.NEG.1	ezh2_ko
PAPTFZ	ezh2_ko.NEG.5	ezh2_ko
PAPTLV	ezh2_ko.POS.5	ezh2_ko
PAPVRN	ezh2_ko.POS.10	ezh2_ko
PAKZRH	ezh2_ko.NEG.2	ezh2_ko
PANZRV	ezh2_ko.NEG.3	ezh2_ko
PAPICY	ezh2_ko.POS.3	ezh2_ko
PAPTDH	ezh2_ko.POS.6	ezh2_ko
PARFRE	ezh2_ko.NEG.6	ezh2_ko
PARJVP	ezh2_ko.NEG.3	ezh2_ko
PARNNC	ezh2_ko.ZERO	ezh2_ko
PARZHA	ezh2_ko.NEG.7	ezh2_ko
PASCFC	ezh2_ko.NEG.1	ezh2_ko
PASCTR	ezh2_ko.POS.1	ezh2_ko
PASJZC	ezh2_ko.NEG.2	ezh2_ko
PASMDM	ezh2_ko.POS.6	ezh2_ko
PASNML	ezh2_ko.NEG.6	ezh2_ko
PASPBZ	ezh2_ko.NEG.3	ezh2_ko
PASUML	ezh2_ko.NEG.6	ezh2_ko
PASZKE	ezh2_ko.NEG.6	ezh2_ko
PATAYJ	ezh2_ko.NEG.5	ezh2_ko
PATGJU	ezh2_ko.POS.9	ezh2_ko
PATHKB	ezh2_ko.NEG.8	ezh2_ko
PASGAP	ezh2_ko.POS.11	ezh2_ko
PASHFA	ezh2_ko.POS.2	ezh2_ko
PARBAJ	ezh2_ko.POS.1	ezh2_ko
PARHAM	ezh2_ko.POS.7	ezh2_ko
PASNPG	ezh2_ko.NEG.1	ezh2_ko
PASYPX	ezh2_ko.NEG.4	ezh2_ko
PATYIL	ezh2_ko.POS.1	ezh2_ko
PAUDDK	ezh2_ko.POS.9	ezh2_ko
PALNVP	ezh2_ko.POS.3	ezh2_ko
PALXTB	ezh2_ko.POS.8	ezh2_ko
PAMNLH	ezh2_ko.NEG.8	ezh2_ko
PANNMS	ezh2_ko.NEG.2	ezh2_ko
PAPEAV	ezh2_ko.NEG.4	ezh2_ko
PAISNS	ezh2_ko.NEG.2	ezh2_ko
PASNEF	ezh2_ko.NEG.9	ezh2_ko
PASSRN	ezh2_ko.ZERO	ezh2_ko
PASWIJ	ezh2_ko.POS.7	ezh2_ko
PATDXC	ezh2_ko.NEG.1	ezh2_ko
PALBFW	pten_ko.POS.7	pten_ko
PALWVJ	pten_ko.POS.2	pten_ko
PALETP	pten_ko.POS.2	pten_ko
PALIIN	pten_ko.NEG.7	pten_ko
PALKUC	pten_ko.POS.3	pten_ko
PALUYS	pten_ko.NEG.5	pten_ko
PALVKK	pten_ko.POS.10	pten_ko
PAMBMJ	pten_ko.NEG.4	pten_ko
PALZZV	pten_ko.NEG.9	pten_ko
PAMEZH	pten_ko.POS.6	pten_ko
PAMMXF	pten_ko.POS.7	pten_ko
PAMVRA	pten_ko.NEG.2	pten_ko
PANBJH	pten_ko.NEG.3	pten_ko
PAMZMG	pten_ko.POS.7	pten_ko
PANBSP	pten_ko.NEG.6	pten_ko
PANUKV	pten_ko.NEG.9	pten_ko
PANYGR	pten_ko.NEG.9	pten_ko
PAPBGH	pten_ko.NEG.5	pten_ko
PAPKWN	pten_ko.NEG.1	pten_ko
PAIVHE	pten_ko.NEG.2	pten_ko
PAITEG	pten_ko.POS.6	pten_ko
PAKYZS	pten_ko.POS.9	pten_ko
PAITCI	pten_ko.NEG.4	pten_ko
PAPEFE	pten_ko.NEG.1	pten_ko
PAIXIF	pten_ko.POS.10	pten_ko
PALCBW	pten_ko.POS.9	pten_ko
PALTEG	pten_ko.POS.9	pten_ko
PAMYCE	pten_ko.POS.9	pten_ko
PAMZGT	pten_ko.POS.10	pten_ko
PANGXK	pten_ko.POS.8	pten_ko
PANJLH	pten_ko.POS.6	pten_ko
PANKFE	pten_ko.POS.9	pten_ko
PANZPV	pten_ko.POS.6	pten_ko
PANZVU	pten_ko.NEG.8	pten_ko
PAPBZI	pten_ko.ZERO	pten_ko
PANBMJ	pten_ko.POS.6	pten_ko
PAPHPE	pten_ko.POS.2	pten_ko
PAIPGU	pten_ko.POS.4	pten_ko
PALEVG	pten_ko.NEG.4	pten_ko
PANRHJ	pten_ko.POS.3	pten_ko
PAPUAR	pten_ko.POS.2	pten_ko
PAPUEB	pten_ko.NEG.5	pten_ko
PAPUNH	pten_ko.NEG.5	pten_ko
PAPZYP	pten_ko.POS.6	pten_ko
PARACM	pten_ko.POS.8	pten_ko
PANRRW	pten_ko.POS.7	pten_ko
PANLET	pten_ko.NEG.5	pten_ko
PANRVJ	pten_ko.POS.2	pten_ko
PANSBN	pten_ko.POS.3	pten_ko
PANUIF	pten_ko.POS.1	pten_ko
PANWRR	pten_ko.NEG.3	pten_ko
PAPBJE	pten_ko.POS.2	pten_ko
PAPCTS	pten_ko.NEG.5	pten_ko
PAPKXS	pten_ko.NEG.6	pten_ko
PAPTAN	pten_ko.POS.4	pten_ko
PAPTCR	pten_ko.POS.6	pten_ko
PAPUWY	pten_ko.POS.4	pten_ko
PAPVFD	pten_ko.NEG.3	pten_ko
PAPVXS	pten_ko.NEG.6	pten_ko
PAPZYZ	pten_ko.POS.6	pten_ko
PARACS	pten_ko.NEG.2	pten_ko
PARAMT	pten_ko.NEG.7	pten_ko
PARBGP	pten_ko.NEG.5	pten_ko
PARDIW	pten_ko.POS.4	pten_ko
PARFWB	pten_ko.NEG.5	pten_ko
PARDCK	pten_ko.NEG.5	pten_ko
PARGKK	pten_ko.POS.4	pten_ko
PARKGJ	pten_ko.POS.1	pten_ko
PARSBI	pten_ko.POS.1	pten_ko
PAIFXV	pten_ko.POS.9	pten_ko
PARVLK	pten_ko.NEG.2	pten_ko
PARYNK	pten_ko.NEG.2	pten_ko
PARZIP	pten_ko.NEG.3	pten_ko
PASEGA	pten_ko.NEG.1	pten_ko
PASFGG	pten_ko.NEG.5	pten_ko
PASGUT	pten_ko.POS.1	pten_ko
PASMJG	pten_ko.POS.3	pten_ko
PASMNT	pten_ko.NEG.10	pten_ko
PASNZU	pten_ko.NEG.8	pten_ko
PASPER	pten_ko.NEG.1	pten_ko
PASRFS	pten_ko.NEG.2	pten_ko
PASSRS	pten_ko.NEG.9	pten_ko
PASTCN	pten_ko.NEG.1	pten_ko
PASTKC	pten_ko.POS.8	pten_ko
PASUCB	pten_ko.NEG.7	pten_ko
PASUYG	pten_ko.POS.2	pten_ko
PASVRU	pten_ko.NEG.4	pten_ko
PASWFB	pten_ko.NEG.5	pten_ko
PASWVY	pten_ko.NEG.6	pten_ko
PASXGP	pten_ko.NEG.8	pten_ko
PASZPI	pten_ko.POS.4	pten_ko
PATDWN	pten_ko.NEG.3	pten_ko
PATDXG	pten_ko.NEG.7	pten_ko
PATEKG	pten_ko.POS.9	pten_ko
PATEPF	pten_ko.NEG.5	pten_ko
PATESI	pten_ko.NEG.4	pten_ko
PATFCY	pten_ko.NEG.3	pten_ko
PATFXV	pten_ko.POS.1	pten_ko
PATHVK	pten_ko.ZERO	pten_ko
PATINJ	pten_ko.NEG.3	pten_ko
PANXJL	pten_ko.POS.7	pten_ko
PAPLSD	pten_ko.POS.5	pten_ko
PAPTFZ	pten_ko.NEG.4	pten_ko
PAPTLV	pten_ko.POS.8	pten_ko
PAPVRN	pten_ko.POS.9	pten_ko
PAKZRH	pten_ko.POS.5	pten_ko
PANZRV	pten_ko.POS.1	pten_ko
PAPICY	pten_ko.POS.7	pten_ko
PAPTDH	pten_ko.POS.3	pten_ko
PARFRE	pten_ko.NEG.4	pten_ko
PARJVP	pten_ko.NEG.1	pten_ko
PARNNC	pten_ko.POS.3	pten_ko
PARZHA	pten_ko.POS.1	pten_ko
PASCFC	pten_ko.POS.5	pten_ko
PASCTR	pten_ko.POS.1	pten_ko
PASJZC	pten_ko.ZERO	pten_ko
PASMDM	pten_ko.POS.8	pten_ko
PASNML	pten_ko.NEG.5	pten_ko
PASPBZ	pten_ko.NEG.5	pten_ko
PASUML	pten_ko.POS.3	pten_ko
PASZKE	pten_ko.NEG.5	pten_ko
PATAYJ	pten_ko.NEG.1	pten_ko
PATGJU	pten_ko.POS.8	pten_ko
PATHKB	pten_ko.NEG.5	pten_ko
PASGAP	pten_ko.POS.9	pten_ko
PASHFA	pten_ko.POS.8	pten_ko
PARBAJ	pten_ko.NEG.2	pten_ko
PARHAM	pten_ko.POS.2	pten_ko
PASNPG	pten_ko.NEG.3	pten_ko
PASYPX	pten_ko.NEG.5	pten_ko
PATYIL	pten_ko.NEG.4	pten_ko
PAUDDK	pten_ko.POS.7	pten_ko
PALNVP	pten_ko.POS.3	pten_ko
PALXTB	pten_ko.POS.8	pten_ko
PAMNLH	pten_ko.NEG.9	pten_ko
PANNMS	pten_ko.NEG.1	pten_ko
PAPEAV	pten_ko.NEG.1	pten_ko
PAISNS	pten_ko.POS.2	pten_ko
PASNEF	pten_ko.NEG.2	pten_ko
PASSRN	pten_ko.POS.2	pten_ko
PASWIJ	pten_ko.POS.8	pten_ko
PATDXC	pten_ko.POS.1	pten_ko
PALBFW	yap1.NEG.2	yap1
PALWVJ	yap1.NEG.1	yap1
PALETP	yap1.NEG.2	yap1
PALIIN	yap1.NEG.8	yap1
PALKUC	yap1.ZERO	yap1
PALUYS	yap1.NEG.5	yap1
PALVKK	yap1.OUTLIER	yap1
PAMBMJ	yap1.POS.4	yap1
PALZZV	yap1.NEG.13	yap1
PAMEZH	yap1.POS.2	yap1
PAMMXF	yap1.NEG.6	yap1
PAMVRA	yap1.NEG.3	yap1
PANBJH	yap1.NEG.6	yap1
PAMZMG	yap1.NEG.11	yap1
PANBSP	yap1.NEG.3	yap1
PANUKV	yap1.NEG.9	yap1
PANYGR	yap1.NEG.5	yap1
PAPBGH	yap1.NEG.5	yap1
PAPKWN	yap1.POS.6	yap1
PAIVHE	yap1.POS.2	yap1
PAITEG	yap1.POS.6	yap1
PAKYZS	yap1.POS.4	yap1
PAITCI	yap1.POS.7	yap1
PAPEFE	yap1.POS.2	yap1
PAIXIF	yap1.POS.10	yap1
PALCBW	yap1.OUTLIER	yap1
PALTEG	yap1.NEG.6	yap1
PAMYCE	yap1.POS.4	yap1
PAMZGT	yap1.NEG.1	yap1
PANGXK	yap1.OUTLIER	yap1
PANJLH	yap1.POS.6	yap1
PANKFE	yap1.POS.9	yap1
PANZPV	yap1.NEG.4	yap1
PANZVU	yap1.POS.3	yap1
PAPBZI	yap1.NEG.6	yap1
PANBMJ	yap1.NEG.2	yap1
PAPHPE	yap1.NEG.2	yap1
PAIPGU	yap1.POS.3	yap1
PALEVG	yap1.NEG.7	yap1
PANRHJ	yap1.POS.6	yap1
PAPUAR	yap1.NEG.11	yap1
PAPUEB	yap1.NEG.10	yap1
PAPUNH	yap1.NEG.13	yap1
PAPZYP	yap1.NEG.5	yap1
PARACM	yap1.POS.5	yap1
PANRRW	yap1.NEG.5	yap1
PANLET	yap1.NEG.1	yap1
PANRVJ	yap1.POS.8	yap1
PANSBN	yap1.OUTLIER	yap1
PANUIF	yap1.NEG.1	yap1
PANWRR	yap1.POS.2	yap1
PAPBJE	yap1.POS.3	yap1
PAPCTS	yap1.NEG.10	yap1
PAPKXS	yap1.NEG.12	yap1
PAPTAN	yap1.POS.2	yap1
PAPTCR	yap1.OUTLIER	yap1
PAPUWY	yap1.NEG.2	yap1
PAPVFD	yap1.NEG.7	yap1
PAPVXS	yap1.NEG.1	yap1
PAPZYZ	yap1.POS.5	yap1
PARACS	yap1.NEG.7	yap1
PARAMT	yap1.NEG.2	yap1
PARBGP	yap1.NEG.4	yap1
PARDIW	yap1.NEG.2	yap1
PARFWB	yap1.NEG.5	yap1
PARDCK	yap1.POS.3	yap1
PARGKK	yap1.NEG.2	yap1
PARKGJ	yap1.POS.6	yap1
PARSBI	yap1.NEG.3	yap1
PAIFXV	yap1.POS.2	yap1
PARVLK	yap1.POS.8	yap1
PARYNK	yap1.NEG.7	yap1
PARZIP	yap1.POS.3	yap1
PASEGA	yap1.POS.5	yap1
PASFGG	yap1.POS.2	yap1
PASGUT	yap1.NEG.12	yap1
PASMJG	yap1.POS.10	yap1
PASMNT	yap1.NEG.3	yap1
PASNZU	yap1.NEG.10	yap1
PASPER	yap1.NEG.4	yap1
PASRFS	yap1.NEG.7	yap1
PASSRS	yap1.ZERO	yap1
PASTCN	yap1.NEG.11	yap1
PASTKC	yap1.NEG.4	yap1
PASUCB	yap1.NEG.12	yap1
PASUYG	yap1.NEG.7	yap1
PASVRU	yap1.NEG.7	yap1
PASWFB	yap1.NEG.8	yap1
PASWVY	yap1.NEG.9	yap1
PASXGP	yap1.NEG.4	yap1
PASZPI	yap1.NEG.2	yap1
PATDWN	yap1.NEG.9	yap1
PATDXG	yap1.NEG.6	yap1
PATEKG	yap1.OUTLIER	yap1
PATEPF	yap1.NEG.7	yap1
PATESI	yap1.NEG.6	yap1
PATFCY	yap1.POS.7	yap1
PATFXV	yap1.NEG.8	yap1
PATHVK	yap1.POS.2	yap1
PATINJ	yap1.NEG.1	yap1
PANXJL	yap1.POS.10	yap1
PAPLSD	yap1.NEG.7	yap1
PAPTFZ	yap1.NEG.12	yap1
PAPTLV	yap1.NEG.2	yap1
PAPVRN	yap1.POS.4	yap1
PAKZRH	yap1.POS.4	yap1
PANZRV	yap1.NEG.1	yap1
PAPICY	yap1.POS.6	yap1
PAPTDH	yap1.POS.7	yap1
PARFRE	yap1.POS.4	yap1
PARJVP	yap1.NEG.1	yap1
PARNNC	yap1.POS.8	yap1
PARZHA	yap1.NEG.5	yap1
PASCFC	yap1.NEG.8	yap1
PASCTR	yap1.NEG.8	yap1
PASJZC	yap1.NEG.7	yap1
PASMDM	yap1.NEG.9	yap1
PASNML	yap1.POS.3	yap1
PASPBZ	yap1.POS.2	yap1
PASUML	yap1.POS.2	yap1
PASZKE	yap1.POS.2	yap1
PATAYJ	yap1.POS.2	yap1
PATGJU	yap1.POS.9	yap1
PATHKB	yap1.NEG.3	yap1
PASGAP	yap1.POS.4	yap1
PASHFA	yap1.NEG.5	yap1
PARBAJ	yap1.POS.4	yap1
PARHAM	yap1.POS.8	yap1
PASNPG	yap1.POS.5	yap1
PASYPX	yap1.NEG.2	yap1
PATYIL	yap1.POS.6	yap1
PAUDDK	yap1.POS.10	yap1
PALNVP	yap1.POS.8	yap1
PALXTB	yap1.POS.9	yap1
PAMNLH	yap1.POS.3	yap1
PANNMS	yap1.ZERO	yap1
PAPEAV	yap1.POS.3	yap1
PAISNS	yap1.POS.5	yap1
PASNEF	yap1.NEG.7	yap1
PASSRN	yap1.NEG.3	yap1
PASWIJ	yap1.NEG.6	yap1
PATDXC	yap1.POS.7	yap1
PALBFW	atm_ko.POS.3	atm_ko
PALWVJ	atm_ko.NEG.2	atm_ko
PALETP	atm_ko.POS.7	atm_ko
PALIIN	atm_ko.NEG.8	atm_ko
PALKUC	atm_ko.POS.7	atm_ko
PALUYS	atm_ko.POS.2	atm_ko
PALVKK	atm_ko.POS.4	atm_ko
PAMBMJ	atm_ko.NEG.5	atm_ko
PALZZV	atm_ko.NEG.9	atm_ko
PAMEZH	atm_ko.POS.8	atm_ko
PAMMXF	atm_ko.POS.6	atm_ko
PAMVRA	atm_ko.NEG.7	atm_ko
PANBJH	atm_ko.NEG.5	atm_ko
PAMZMG	atm_ko.POS.9	atm_ko
PANBSP	atm_ko.NEG.3	atm_ko
PANUKV	atm_ko.NEG.3	atm_ko
PANYGR	atm_ko.NEG.8	atm_ko
PAPBGH	atm_ko.NEG.6	atm_ko
PAPKWN	atm_ko.POS.3	atm_ko
PAIVHE	atm_ko.POS.2	atm_ko
PAITEG	atm_ko.POS.8	atm_ko
PAKYZS	atm_ko.POS.8	atm_ko
PAITCI	atm_ko.POS.1	atm_ko
PAPEFE	atm_ko.POS.2	atm_ko
PAIXIF	atm_ko.POS.8	atm_ko
PALCBW	atm_ko.POS.5	atm_ko
PALTEG	atm_ko.POS.9	atm_ko
PAMYCE	atm_ko.POS.9	atm_ko
PAMZGT	atm_ko.POS.9	atm_ko
PANGXK	atm_ko.POS.8	atm_ko
PANJLH	atm_ko.POS.4	atm_ko
PANKFE	atm_ko.POS.9	atm_ko
PANZPV	atm_ko.POS.6	atm_ko
PANZVU	atm_ko.NEG.9	atm_ko
PAPBZI	atm_ko.POS.2	atm_ko
PANBMJ	atm_ko.OUTLIER	atm_ko
PAPHPE	atm_ko.NEG.5	atm_ko
PAIPGU	atm_ko.POS.6	atm_ko
PALEVG	atm_ko.POS.2	atm_ko
PANRHJ	atm_ko.POS.5	atm_ko
PAPUAR	atm_ko.NEG.4	atm_ko
PAPUEB	atm_ko.NEG.2	atm_ko
PAPUNH	atm_ko.NEG.2	atm_ko
PAPZYP	atm_ko.POS.2	atm_ko
PARACM	atm_ko.POS.7	atm_ko
PANRRW	atm_ko.POS.6	atm_ko
PANLET	atm_ko.POS.1	atm_ko
PANRVJ	atm_ko.POS.2	atm_ko
PANSBN	atm_ko.POS.4	atm_ko
PANUIF	atm_ko.POS.8	atm_ko
PANWRR	atm_ko.POS.6	atm_ko
PAPBJE	atm_ko.POS.3	atm_ko
PAPCTS	atm_ko.NEG.6	atm_ko
PAPKXS	atm_ko.NEG.5	atm_ko
PAPTAN	atm_ko.POS.6	atm_ko
PAPTCR	atm_ko.POS.7	atm_ko
PAPUWY	atm_ko.POS.2	atm_ko
PAPVFD	atm_ko.NEG.4	atm_ko
PAPVXS	atm_ko.POS.2	atm_ko
PAPZYZ	atm_ko.POS.1	atm_ko
PARACS	atm_ko.NEG.2	atm_ko
PARAMT	atm_ko.NEG.7	atm_ko
PARBGP	atm_ko.NEG.5	atm_ko
PARDIW	atm_ko.NEG.3	atm_ko
PARFWB	atm_ko.NEG.4	atm_ko
PARDCK	atm_ko.POS.3	atm_ko
PARGKK	atm_ko.POS.3	atm_ko
PARKGJ	atm_ko.POS.3	atm_ko
PARSBI	atm_ko.POS.5	atm_ko
PAIFXV	atm_ko.POS.9	atm_ko
PARVLK	atm_ko.POS.5	atm_ko
PARYNK	atm_ko.POS.2	atm_ko
PARZIP	atm_ko.NEG.1	atm_ko
PASEGA	atm_ko.NEG.1	atm_ko
PASFGG	atm_ko.POS.2	atm_ko
PASGUT	atm_ko.NEG.2	atm_ko
PASMJG	atm_ko.POS.4	atm_ko
PASMNT	atm_ko.NEG.8	atm_ko
PASNZU	atm_ko.NEG.6	atm_ko
PASPER	atm_ko.NEG.2	atm_ko
PASRFS	atm_ko.NEG.5	atm_ko
PASSRS	atm_ko.NEG.8	atm_ko
PASTCN	atm_ko.POS.3	atm_ko
PASTKC	atm_ko.POS.4	atm_ko
PASUCB	atm_ko.NEG.5	atm_ko
PASUYG	atm_ko.POS.3	atm_ko
PASVRU	atm_ko.POS.3	atm_ko
PASWFB	atm_ko.NEG.3	atm_ko
PASWVY	atm_ko.NEG.5	atm_ko
PASXGP	atm_ko.NEG.5	atm_ko
PASZPI	atm_ko.POS.7	atm_ko
PATDWN	atm_ko.POS.1	atm_ko
PATDXG	atm_ko.NEG.8	atm_ko
PATEKG	atm_ko.POS.7	atm_ko
PATEPF	atm_ko.NEG.4	atm_ko
PATESI	atm_ko.NEG.3	atm_ko
PATFCY	atm_ko.NEG.7	atm_ko
PATFXV	atm_ko.POS.6	atm_ko
PATHVK	atm_ko.NEG.2	atm_ko
PATINJ	atm_ko.POS.1	atm_ko
PANXJL	atm_ko.POS.8	atm_ko
PAPLSD	atm_ko.POS.6	atm_ko
PAPTFZ	atm_ko.NEG.2	atm_ko
PAPTLV	atm_ko.POS.10	atm_ko
PAPVRN	atm_ko.POS.10	atm_ko
PAKZRH	atm_ko.POS.2	atm_ko
PANZRV	atm_ko.NEG.5	atm_ko
PAPICY	atm_ko.POS.1	atm_ko
PAPTDH	atm_ko.POS.3	atm_ko
PARFRE	atm_ko.NEG.3	atm_ko
PARJVP	atm_ko.NEG.6	atm_ko
PARNNC	atm_ko.NEG.2	atm_ko
PARZHA	atm_ko.NEG.5	atm_ko
PASCFC	atm_ko.POS.2	atm_ko
PASCTR	atm_ko.POS.2	atm_ko
PASJZC	atm_ko.NEG.1	atm_ko
PASMDM	atm_ko.POS.9	atm_ko
PASNML	atm_ko.NEG.9	atm_ko
PASPBZ	atm_ko.NEG.6	atm_ko
PASUML	atm_ko.NEG.3	atm_ko
PASZKE	atm_ko.NEG.5	atm_ko
PATAYJ	atm_ko.NEG.4	atm_ko
PATGJU	atm_ko.POS.4	atm_ko
PATHKB	atm_ko.NEG.9	atm_ko
PASGAP	atm_ko.POS.8	atm_ko
PASHFA	atm_ko.POS.5	atm_ko
PARBAJ	atm_ko.NEG.4	atm_ko
PARHAM	atm_ko.POS.3	atm_ko
PASNPG	atm_ko.NEG.3	atm_ko
PASYPX	atm_ko.NEG.9	atm_ko
PATYIL	atm_ko.NEG.4	atm_ko
PAUDDK	atm_ko.NEG.2	atm_ko
PALNVP	atm_ko.NEG.1	atm_ko
PALXTB	atm_ko.POS.3	atm_ko
PAMNLH	atm_ko.NEG.8	atm_ko
PANNMS	atm_ko.NEG.6	atm_ko
PAPEAV	atm_ko.NEG.2	atm_ko
PAISNS	atm_ko.NEG.4	atm_ko
PASNEF	atm_ko.NEG.1	atm_ko
PASSRN	atm_ko.POS.6	atm_ko
PASWIJ	atm_ko.POS.5	atm_ko
PATDXC	atm_ko.POS.3	atm_ko
